名称,工艺功能,位置,电源功能,设备编码
弱电桥架3配件,=TA001.EY01.TY01.RF.UN08,,,
弱电桥架3,=TA001.EY01.TY01.QJ3,,,
DP4-1 水泵软启柜 RQ1,,,===DY1.AH1.H01.ZB1.C1DP1.3.DP4O.1,
5#水泵电机,,,===DY2.AH12.H02.ZB2.D1DP12.3.DP9O.1.1.1,
管理房双电源切换照明配电箱（常） SMX1,,,===DY1.AH1.H01.ZB1.C1DP1.3.DP3O.1,
1#进水电动闸门 ZM1,,,===DY2.AH12.H02.ZB2.D1DP12.3.DP10O.1.1,
室内半球,=TA001.TB01.VS01.AF11,++BF02.US07.,,CCTV0103
备用,,,===DY1.AH1.H01.ZB1.C1DP1.3.DP3O.6.N3,
高压配电室照明1,,,===DY1.AH1.H01.ZB1.C1DP1.3.DP3O.1.N4,
2#变温控电源,,,===DY2.AH12.H02.ZB2.D1DP12.2,
控制间插座,,,===DY1.AH1.H01.ZB1.C1DP1.3.DP3O.3.N2,
0.4KV出线,,,===DY1.AH1.H01.ZB1.C1DP1.3.DP5O,
W通用管件,=TA001.ST01.TT01.UN.UN01,,,
备用,,,===DY2.AH12.H02.ZB2.D1DP12.3.DP10O.2.7,
门厅电话、网络系统,=TA001.TB01.TN01.BF01.US01,,,
控制室电话、网络系统,=TA001.TB01.TN01.BF01.US05,,,
J通用管件,=TA001.ST01.TS01.UN.UN10,,,
声光报警器,=TA001.TB01.FA01.BF02.SG01,++BF02.,,AVA0101
感应式台式洗脸盆,=TA001.ST01.TS01.LP02,++BF01.US02.,,
高压配电室,,++BF01.US06,,BF01US06
备用,,,===DY1.AH1.H01.ZB1.C1DP1.3.DP3O.3.N9,
壁灯: BMX1-N4,=TA001.EY01.TE04.BF02.EA24,++BF02.US01.,===DY1.AH1.H01.ZB1.C1DP1.3.DP3O.5.N4.,WL0102
泵站3~5轴双电源切换照明配电箱 BMX1,=TA001.EY01.TE03.,++BF02.,===DY1.AH1.H01.ZB1.C1DP1.3.DP3O.5.,SDB0101
吸顶式报警扬声器,=TA001.TB01.FA01.BF01.US09.PJ01,++BF01.US09.,,
0.4KV系统,=TA001.EY01.TE02,,,
门厅插座,,,===DY1.AH1.H01.ZB1.C1DP1.3.DP3O.2.N9,
火灾声报警器: 标准,=TA001.TB01.FA01.ALRM.SF17,,,
雨水泵_GK5-1,=TA001.BJ01.PP01.GP05,++BF02.US01.,===DY2.AH12.H02.ZB2.D1DP12.3.DP9O.1.1.1.,CP0105
J通用管件,=TA001.ST01.TS01.UN.UN03,,,
安全照明灯: MX1-N5,=TA001.EY01.TE04.BG01.EA14,++BG01.,===DY1.AH1.H01.ZB1.C1DP1.3.DP3O.2.N5.BG04.,SSL0202
应急疏散指示灯 - 壁挂式: SMX1-N6,=TA001.EY01.TE04.BF01.US09.SG01,++BF01.US09.,===DY1.AH1.H01.ZB1.C1DP1.3.DP3O.1.N6.,EEL0101
手动报警按钮: 标准,=TA001.TB01.FA01.ALRM.SF05,,,MFAB0105
W变径管件,=TA001.ST01.TT01.UN.UN20,,,
管形母线桥架2配件,=TA001.EY01.TY01.UF.UN06,,,
XBDZ-3.6（风机）: K4-2,=TA001.TL01.BF01.GQ02,++BF01.US06.,===DY1.AH1.H01.ZB1.C1DP1.3.DP3O.10.F2.SF01.,AF0102
J通用管件,=TA001.ST01.TS01.UN.UN30,,,
备用,,,===DY1.AH1.H01.ZB1.C1DP1.3.DP3O.3.N7,
光电感烟探测器: 点型,=TA001.TB01.FA01.FRSN.BQ01,++BF01.US01.,,ISD0107
备用,,,===DY1.AH1.H01.ZB1.C1DP1.3.DP3O.7.N5,
火灾光报警器: 标准,=TA001.TB01.FA01.ALRM.SF11,,,AVA0104
10KV出线1,,,===DY1.AH1.H01,
照明灯具: SMX1-N5,=TA001.EY01.TE04.BF01.US06.EA03,++BF01.US06.,===DY1.AH1.H01.ZB1.C1DP1.3.DP3O.1.N5.BG01.,SSL0403
光电感烟探测器: 点型,=TA001.TB01.FA01.FRSN.BQ04,,,ISD0101
备用,,,===DY1.AH1.H01.ZB1.C1DP1.3.DP3O.7.N6,
休息室1电话、网络系统,=TA001.TB01.TN01.BF01.US02,,,
J三通管件,=TA001.ST01.TS01.UN.UN31,,,
带云台的摄像机: 标准,=TA001.TB01.VS01.SEVI009,,,CCTV0304
标准计量柜1~2: 标准计量柜1~2,=TA001.EY01.TE03.,++BF01.US05.,,MC0102
W三通管件,=TA001.ST01.TT01.UN.UN16,,,
移动加日光感应探头,=TA001.EY01.TE04.,++BG01.,===DY1.AH1.H01.ZB1.C1DP1.3.DP3O.2.N5.BG03,MDS0107
10KV总开关柜,=TA001.EY01.TE01.,++BF01.US06.,===DY1.AH1.,HSC0201
备用,,,===DY1.AH1.H01.ZB1.C1DP1.3.DP3O.4.N5,
卫生间照明系统,=TA001.EY01.TE04.BF01.US04,,,
摄像机 - 壁装: 6 寸,=TA001.TB01.VS01.SEVI013,++BF01.US05.,,CCTV0101
一位单控暗开关,=TA001.EY01.,++BF01.US04.,===DY1.AH1.H01.ZB1.C1DP1.3.DP3O.4.N9.SF01,
移动加日光感应探头,=TA001.EY01.TE04.,++BF01.US06.,===DY1.AH1.H01.ZB1.C1DP1.3.DP3O.1.N5.BG01,MDS0102
智能信号控制模块,=TA001.TB01.FA01.BF01.US09.ZK1,++BF01.US09.,,
总线式消防电话插孔,=TA001.TB01.TN01.BF01.US01.XG01,++BF01.US01.,,
变压器室2火灾报警系统,=TA001.TB01.FA01.BF01.US10,,,
休息室插座,,,===DY1.AH1.H01.ZB1.C1DP1.3.DP3O.2.N6,
高压配电室火灾报警系统,=TA001.TB01.FA01.BF01.US06,,,
监控器,=TA001.TB01.VS01.AF07,++BF01.US10.,,
低压配电室照明1,,,===DY1.AH1.H01.ZB1.C1DP1.3.DP3O.1.N6,
J通用管件,=TA001.ST01.TS01.UN.UN21,,,
弱电桥架1配件,=TA001.EY01.TY01.RF.UN01,,,
单相二眼三眼组合暗插座,=TA001.EY01.TE03.,++BF01.US10.,===DY1.AH1.H01.ZB1.C1DP1.3.DP3O.3.N6.XD01,PS0114
UPS,,,,UPS0101
3-5轴泵房照明3,,,===DY1.AH1.H01.ZB1.C1DP1.3.DP3O.5.N3,
管理房照明配电箱 MX1,=TA001.EY01.TE03.,++BF01.US03.,===DY1.AH1.H01.ZB1.C1DP1.3.DP3O.2.,DB0401
照明灯具: MX1-N2,=TA001.EY01.TE04.BF01.US01.EA01,++BF01.US01.,===DY1.AH1.H01.ZB1.C1DP1.3.DP3O.2.N2.BG01.,FPL0117
4#水泵按钮箱GK4,,,===DY2.AH12.H02.ZB2.D1DP12.3.DP8O.1.1,
一位单控暗开关,=TA001.EY01.,++BF01.US10.,===DY1.AH1.H01.ZB1.C1DP1.3.DP3O.2.N4.SF02,
语音+数据点,=TA001.TB01.TN01.BF01.US06.TD01,++BF01.US06.,,
高压配电室照明2,,,===DY1.AH1.H01.ZB1.C1DP1.3.DP3O.1.N5,
XBDZ-3.6（风机）: K4-1,=TA001.TL01.BF01.GQ01,++BF01.US05.,===DY1.AH1.H01.ZB1.C1DP1.3.DP3O.10.F1.SF01.,AF0101
J通用管件,=TA001.ST01.TS01.UN.UN24,,,
单相二眼三眼组合暗插座,=TA001.EY01.TE03.,++BF01.US06.,===DY1.AH1.H01.ZB1.C1DP1.3.DP3O.3.N3.XD01,PS0109
2#出水电动闸门 ZM6,,,===DY2.AH12.H02.ZB2.D1DP12.3.DP10O.2.4,
起重机接电装置,,,===DY2.AH12.H02.ZB2.D1DP12.3.DP10O.3.1,
壁灯 - 托架: BMX2-N2,=TA001.EY01.TE04.BF02.EA06,++BF02.US02.,===DY1.AH1.H01.ZB1.C1DP1.3.DP3O.6.N2.,AGL0105
高天棚灯具 - 吊杆安装: BMX1-N2,=TA001.EY01.TE04.BF02.EA21,++BF02.US01.,===DY1.AH1.H01.ZB1.C1DP1.3.DP3O.5.N2.,HCL0102
J通用管件,=TA001.ST01.TS01.UN.UN15,,,
移动加日光感应探头,=TA001.EY01.TE04.,++BG01.,===DY1.AH1.H01.ZB1.C1DP1.3.DP3O.2.N5.BG04,MDS0108
壁灯: BMX1-N4,=TA001.EY01.TE04.BF02.EA23,++BF02.US01.,===DY1.AH1.H01.ZB1.C1DP1.3.DP3O.5.N4.,WL0101
声光报警器,=TA001.TB01.FA01.BF01.US11.SG01,++BF01.US11.,,AVA0102
备用,,,===DY2.AH12.H02.ZB2.D1DP12.3.DP10O.1.6,
DP2-DP6 0.4KV进线,,,===DY1.AH1.H01.ZB1.C1DP1.3,
集水池电动闸门 ZM3,,,===DY2.AH12.H02.ZB2.D1DP12.3.DP10O.2.1,
光电感烟探测器: 点型,=TA001.TB01.FA01.FRSN.BQ07,,,ISD0104
安全照明灯: MX1-N4,=TA001.EY01.TE04.BF01.US07.EA01,++BF01.US07.,===DY1.AH1.H01.ZB1.C1DP1.3.DP3O.2.N4.SF01.,AGL0102
吸顶式报警扬声器,=TA001.TB01.FA01.BF01.US11.PJ01,++BF01.US11.,,
J通用管件,=TA001.ST01.TS01.UN.UN17,,,
XBDZ-5（风机）: K5-2,=TA001.TL01.BF02.GQ02,++BF02.,===DY1.AH1.H01.ZB1.C1DP1.3.DP3O.8.F2.,AF0202
04kV进线柜,=TA001.EY01.TE02.,++BF01.US09.,===DY2.AH12.H02.ZB2.D1DP12.,LDC0402
超声波液位计LT7,=TA001.BJ01.TS01.BL07,++BF02.US02.,,ULG0107
梯形桥架配件,=TA001.EY01.TY01.EF,,,
低压配电间,,++BF01.US09,,BF01US09
安全照明灯: MX1-N3,=TA001.EY01.TE04.BF01.US08.EA01,++BF01.US08.,===DY1.AH1.H01.ZB1.C1DP1.3.DP3O.2.N3.BG02.,SSL0106
照明系统,=TA001.EY01.TE04,,,
泵站变配电间及管理房,,++BF01,,
雨水泵_GK2-1,=TA001.BJ01.PP01.GP02,++BF02.US01.,===DY1.AH1.H01.ZB1.C1DP1.3.DP5O.1.1.1.,CP0102
备用,,,===DY1.AH1.H01.ZB1.C1DP1.3.DP3O.3.N8,
0.4KV无功补偿柜,=TA001.EY01.TE02.,++BF01.US09.,===DY1.AH1.H01.ZB1.C1DP1.3.,LDC0201
变压室1走道,,++BF01.US08,,BF01US08
给排水系统,=TA001.ST01,,,
语音+数据点,=TA001.TB01.TN01.BF01.US01.TD01,++BF01.US01.,,
备用,,,===DY1.AH1.H01.ZB1.C1DP1.3.DP3O.4.N10,
J通用管件,=TA001.ST01.TS01.UN.UN11,,,
东泵站,=TA001,,,
给水管1管件,=TA001.ST01.TS01.UN,,,
J变径管件,=TA001.ST01.TS01.UN.UN38,,,
智能光电感烟探测器,=TA001.TB01.FA01.BF01.US03.BQ01,++BF01.US03.,,MDS0120
管形母线桥架2配件,=TA001.EY01.TY01.UF.UN07,,,
高天棚灯具 - 吊杆安装: BMX1-N2,=TA001.EY01.TE04.BF02.EA20,++BF02.US01.,===DY1.AH1.H01.ZB1.C1DP1.3.DP3O.5.N2.,HCL0101
控制室照明2,,,===DY1.AH1.H01.ZB1.C1DP1.3.DP3O.1.N2,
备用,,,===DY1.AH1.H01.ZB1.C1DP1.3.DP3O.4.N12,
辅助系统,=TA001.EY01.TY01,,,
监控器,=TA001.TB01.VS01.AF05,++BF01.US09.,,
弱电桥架2,=TA001.EY01.TY01.QJ2,,,
光电感烟探测器: 点型,=TA001.TB01.FA01.FRSN.BQ11,++BF01.US01.,,ISD0109
带云台的摄像机: 标准,=TA001.TB01.VS01.SEVI012,,,CCTV0301
安全照明灯: MX1-N3,=TA001.EY01.TE04.BF01.US04.EA01,++BF01.US04.,,SSL0101
门厅火灾报警系统,=TA001.TB01.FA01.BF01.US01,,,
备用,,,===DY1.AH1.H01.ZB1.C1DP1.3.DP3O.1.N12,
变压器室2走道照明系统,=TA001.EY01.TE04.BF01.US11,,,
智能感温探测器,=TA001.TB01.FA01.BF01.US07.BT01,++BF01.US07.,,ISD0105
照明灯具: SMX1-N6,=TA001.EY01.TE04.BF01.US09.EA04,++BF01.US09.,===DY1.AH1.H01.ZB1.C1DP1.3.DP3O.1.N6.BG04.,SSL0308
带云台的摄像机: 标准,=TA001.TB01.VS01.SEVI011,,,CCTV0302
监控器,=TA001.TB01.VS01.AF02,++BF01.US06.,,
起重机配电箱 P3,=TA001.EY01.TE03.,++BF02.,===DY2.AH12.H02.ZB2.D1DP12.3.DP10O.3.,GSB0101
弱电桥架3配件,=TA001.EY01.TY01.RF.UN05,,,
壁灯 - 托架: BMX1-N3,=TA001.EY01.TE04.BF02.EA18,++BF02.US01.,===DY1.AH1.H01.ZB1.C1DP1.3.DP3O.5.N3.,AGL0120
壁灯 - 托架: BMX1-N3,=TA001.EY01.TE04.BF02.EA15,++BF02.US01.,===DY1.AH1.H01.ZB1.C1DP1.3.DP3O.5.N3.,AGL0117
0.4KV馈线柜,=TA001.EY01.TE02.,++BF01.US09.,===DY2.AH12.H02.ZB2.D1DP12.3.,LDC0307
XBDZ-3.6（风机）: K4-5,=TA001.TL01.BF01.GQ05,++BF01.US09.,===DY1.AH1.H01.ZB1.C1DP1.3.DP3O.10.F5.SF01.,AF0105
浮球液位开关3,=TA001.BJ01.TS01.BL11,++BF02.,,
水泵,=TA001.BJ01.PP01,,,
梯形电缆桥架配件,=TA001.EY01.TY01.EF.UN02,,,
照明灯具: SMX1-N7,=TA001.EY01.TE04.BF01.US09.EA09,++BF01.US09.,===DY1.AH1.H01.ZB1.C1DP1.3.DP3O.1.N7.BG01.,SSL0408
移动加日光感应探头,=TA001.EY01.TE04.,++BF01.US06.,===DY1.AH1.H01.ZB1.C1DP1.3.DP3O.1.N4.BG02,MDS0114
语音+数据点3,=TA001.TB01.TN01.BF02.TD03,++BF02.,,
移动加日光感应探头,=TA001.EY01.TE04.,++BF01.US02.,===DY1.AH1.H01.ZB1.C1DP1.3.DP3O.2.N1.BG01,MDS0119
成品拖把池,=TA001.ST01.TT01.TB01,++BF01.US04.,,
动力桥架配件,=TA001.EY01.TY01.PF.QJ1,,,
嵌入式内场平板灯,=TA001.EY01.TE04.BF01.US05.EA05,++BF01.US05.,===DY1.AH1.H01.ZB1.C1DP1.3.DP3O.1.N1.BG01.,FPL0107
单相二眼三眼组合暗插座,=TA001.EY01.TE03.,++BF01.US05.,===DY1.AH1.H01.ZB1.C1DP1.3.DP3O.3.N2.XD01,PS0106
2#水泵按钮箱GK2,,,===DY1.AH1.H01.ZB1.C1DP1.3.DP5O.1.1,
壁灯 - 托架: BMX2-N1,=TA001.EY01.TE04.BF02.EA04,++BF02.US02.,===DY1.AH1.H01.ZB1.C1DP1.3.DP3O.6.N1.,AGL0103
W通用管件,=TA001.ST01.TT01.UN.UN06,,,
管理房风机控制箱 K4,=TA001.EY01.TE03.,++BF01.US05.,===DY1.AH1.H01.ZB1.C1DP1.3.DP3O.10.,FCB0201
PLC柜 K3,,,===DY2.AH12.H02.ZB2.D1DP12.3.DP10O.5.6,
泵站3~5轴双电源切换照明配电箱（备） BMX1,,,===DY2.AH12.H02.ZB2.D1DP12.3.DP10O.9,
超声波液位计LT3,=TA001.BJ01.TS01.BL03,++BF02.US02.,,ULG0103
智能信号控制模块,=TA001.TB01.FA01.BF01.US05.ZK1,++BF01.US05.,,
照明灯具: SMX1-N1,=TA001.EY01.TE04.BF01.US05.EA04,++BF01.US05.,===DY1.AH1.H01.ZB1.C1DP1.3.DP3O.1.N1.BG01.,FPL0106
柜体背面安装板,,,,
室内半球,=TA001.TB01.VS01.AF08,++BF01.US06.,,CCTV0201
1#泵站风机 0.75KW轴流风机,=TA001.TL01.BF02.GQ01,++BF02.,===DY1.AH1.H01.ZB1.C1DP1.3.DP3O.8.F1.,AF0201
低水箱坐便器,=TA001.ST01.TT01.WC01,++BF01.US04.,,
变压器室1走道照明系统,=TA001.EY01.TE04.BF01.US08,,,
3#雨水泵按钮箱 GK3,=TA001.EY01.TE03.,++BF02.,===DY1.AH1.H01.ZB1.C1DP1.3.DP6O.1.1.,WPB0103
10KV变压器出线柜 备用,=TA001.EY01.TE01.,++BF01.US06.,===DY2.AH12.,HSC0103
总线式消防电话分机插孔,=TA001.TB01.TN01.BF01.US09.XG01,++BF01.US09.,,
备用,,,===DY1.AH1.H01.ZB1.C1DP1.3.DP3O.2.N10,
语音+数据点,=TA001.TB01.TN01.BF01.US06.TD02,++BF01.US06.,,
单相二眼三眼组合暗插座,=TA001.EY01.TE03.,++BF01.US03.,===DY1.AH1.H01.ZB1.C1DP1.3.DP3O.2.N6.XD04,PS0104
3#出水电动闸门 ZM7,=TA001.BJ01.OU01.FQ07,++BF02.,===DY2.AH12.H02.ZB2.D1DP12.3.DP10O.2.5.,GT0207
壁灯 - 托架: BMX1-N3,=TA001.EY01.TE04.BF02.EA17,++BF02.US01.,===DY1.AH1.H01.ZB1.C1DP1.3.DP3O.5.N3.,AGL0119
壁灯 - 托架: BMX1-N1,=TA001.EY01.TE04.BF02.EA13,++BF02.US01.,===DY1.AH1.H01.ZB1.C1DP1.3.DP3O.5.N1.,AGL0115
休息室2电话、网络系统,=TA001.TB01.TN01.BF01.US03,,,
壁灯: BMX1-N4,=TA001.EY01.TE04.BF02.EA25,++BF02.US01.,===DY1.AH1.H01.ZB1.C1DP1.3.DP3O.5.N4.,WL0103
照明灯具: SMX1-N7,=TA001.EY01.TE04.BF01.US09.EA10,++BF01.US09.,===DY1.AH1.H01.ZB1.C1DP1.3.DP3O.1.N7.BG01.,SSL0409
泵房风机控制箱 K5,=TA001.EY01.TE03.,++BF02.,===DY1.AH1.H01.ZB1.C1DP1.3.DP3O.8.,FCB0101
室外照明4,,,===DY1.AH1.H01.ZB1.C1DP1.3.DP3O.7.N4,
照明灯具: SMX1-N4,=TA001.EY01.TE04.BF01.US06.EA09,++BF01.US06.,===DY1.AH1.H01.ZB1.C1DP1.3.DP3O.1.N4.BG02.,SSL0304
视频通信柜: 视频通信柜,=TA001.EY01.TE03.,++BF01.US05.,===DY2.AH12.H02.ZB2.D1DP12.3.DP10O.5.5.,VDO0101
光电感烟探测器: 点型,=TA001.TB01.FA01.FRSN.BQ05,,,ISD0102
水泵软启柜 RQ3,,,===DY1.AH1.H01.ZB1.C1DP1.3.DP6O.1,
火灾光报警器: 标准,=TA001.TB01.FA01.ALRM.SF13,,,AVA0106
0.4KV馈线柜,=TA001.EY01.TE02.,++BF01.US09.,===DY1.AH1.H01.ZB1.C1DP1.3.,LDC0304
备用,,,===DY2.AH12.H02.ZB2.D1DP12.1,
管理房双电源切换照明配电箱 SMX1,=TA001.EY01.TE03.,++BF01.US05.,===DY1.AH1.H01.ZB1.C1DP1.3.DP3O.1.,SDB0301
出水闸门螺杆启闭机4,=TA001.BJ01.OU01.QB04,++BF02.,,
备用,,,===DY1.AH1.H01.ZB1.C1DP1.3.DP3O.7.N7,
2#管理房风机,,,===DY1.AH1.H01.ZB1.C1DP1.3.DP3O.10.F2,
1#进水电动闸门 ZM1,=TA001.BJ01.IN01.FQ01,++BF02.,===DY2.AH12.H02.ZB2.D1DP12.3.DP10O.1.1.,GT0101
1#变压器Z柜B1，输出0.4KV C1,=TA001.EY01.TE03.,++BF01.US07.,===DY1.AH1.H01.,TR0101
3#水泵按钮箱GK3,,,===DY1.AH1.H01.ZB1.C1DP1.3.DP6O.1.1,
水泵试验回水管闸门螺杆启闭机,=TA001.BJ01.OU01.QB05,++BF02.,,
管井2,,++BG01.GJ02,,GJ02
庭院灯: WMX-N3,=TA001.EY01.TE04.BG01.EA05,++BG01.,===DY1.AH1.H01.ZB1.C1DP1.3.DP3O.7.N3.,GL0109
10KV变压器出线柜 备用,=TA001.EY01.TE01.,++BF01.US06.,===DY1.AH1.,HSC0102
消防柜: 火灾报警控制器（联动型）,=TA001.TB01.,++BF01.US05.,,
休息室空调1,,,===DY1.AH1.H01.ZB1.C1DP1.3.DP3O.4.N4,
软启柜,,,===DY2.AH12.H02.ZB2.DP7,
超声波液位计LT8,=TA001.BJ01.TS01.BL08,++BF02.US02.,,ULG0108
电池屏: 电池屏,=TA001.EY01.TE03.,++BF01.US05.,===DY2.AH12.H02.ZB2.D1DP12.3.DP10O.4.,DCP0201
泵站1~2轴双电源切换照明配电箱（备）BMX2,,,===DY2.AH12.H02.ZB2.D1DP12.3.DP10O.10,
J变径管件,=TA001.ST01.TS01.UN.UN39,,,
10KV出线2,,,===DY2.AH12.H02,
W变径管件,=TA001.ST01.TT01.UN.UN22,,,
泵房电话、网络系统,=TA001.TB01.TN01.BF02,,,
浮球阀 - 螺纹: 15 mm,=TA001.BJ01.FQFM.FLS0106,++BF02.US02.,,FLS0106
XBDZ-3.6（风机）: K4-4,=TA001.TL01.BF01.GQ04,++BF01.US09.,===DY1.AH1.H01.ZB1.C1DP1.3.DP3O.10.F4.SF01.,AF0104
光电感烟探测器: 点型,=TA001.TB01.FA01.FRSN.BQ09,,,ISD0106
泵房室内照明系统,=TA001.EY01.TE04.BF02,,,
W通用管件,=TA001.ST01.TT01.UN.UN03,,,
照明灯具: MX1-N1,=TA001.EY01.TE04.BF01.US02.EA01,++BF01.US02.,===DY1.AH1.H01.ZB1.C1DP1.3.DP3O.2.N1.BG01.,FPL0118
移动加日光感应探头,=TA001.EY01.TE04.,++BF01.US05.,===DY1.AH1.H01.ZB1.C1DP1.3.DP3O.1.N1.BG01,MDS0104
变压器走道插座2,,,===DY1.AH1.H01.ZB1.C1DP1.3.DP3O.3.N6,
备用,,,===DY1.AH1.H01.ZB1.C1DP1.3.DP3O.4.N7,
休息室1,,++BF01.US02,,BF01US02
1#雨水泵按钮箱 GK1,=TA001.EY01.TE03.,++BF02.,===DY1.AH1.H01.ZB1.C1DP1.3.DP4O.1.1.,WPB0101
照明灯具: SMX1-N6,=TA001.EY01.TE04.BF01.US09.EA02,++BF01.US09.,===DY1.AH1.H01.ZB1.C1DP1.3.DP3O.1.N6.BG01.,SSL0306
3#管理房风机,,,===DY1.AH1.H01.ZB1.C1DP1.3.DP3O.10.F3,
格栅间检修箱 JX5,,,===DY2.AH12.H02.ZB2.D1DP12.3.DP10O.11,
出水闸门螺杆启闭机2,=TA001.BJ01.OU01.QB02,++BF02.,,
声光报警器,=TA001.TB01.FA01.BF01.US01.SG01,++BF01.US01.,,AVA0104
备用,,,===DY1.AH1.H01.ZB1.C1DP1.3.DP3O.1.N10,
2#雨水泵按钮箱 GK2,=TA001.EY01.TE03.,++BF02.,===DY1.AH1.H01.ZB1.C1DP1.3.DP5O.1.1.,WPB0102
泵站1~2轴双电源切换照明配电箱（常） BMX2,,,===DY1.AH1.H01.ZB1.C1DP1.3.DP3O.6,
变配电间及管理房火灾报警系统,=TA001.TB01.FA01.BF01,,,
变压器走道插座1,,,===DY1.AH1.H01.ZB1.C1DP1.3.DP3O.3.N4,
单相二眼三眼组合暗插座,=TA001.EY01.TE03.,++BF01.US02.,===DY1.AH1.H01.ZB1.C1DP1.3.DP3O.2.N6.XD01,PS0101
备用,,,===DY2.AH12.H02.ZB2.D1DP12.3.DP10O.5.10,
手动报警按钮: 标准,=TA001.TB01.FA01.ALRM.SF07,,,MFAB0107
J三通管件,=TA001.ST01.TS01.UN.UN32,,,
控制室火灾报警系统,=TA001.TB01.FA01.BF01.US05,,,
照明灯具: MX1-N2,=TA001.EY01.TE04.BF01.US01.EA03,++BF01.US01.,===DY1.AH1.H01.ZB1.C1DP1.3.DP3O.2.N2.BG01.,FPL0114
嵌入式内场平板灯,=TA001.EY01.TE04.BF01.US05.EA12,++BF01.US05.,===DY1.AH1.H01.ZB1.C1DP1.3.DP3O.1.N2.BG01.,FPL0103
备用,,,===DY1.AH1.H01.ZB1.C1DP1.3.DP3O.4.N8,
格栅除污机控制柜,=TA001.EY01.TE03.,++BF02.,===DY2.AH12.H02.ZB2.D1DP12.3.DP10O.1.3.,PB0101
监控器,=TA001.TB01.VS01.AF01,++BF01.US05.,,
10KV计量柜,=TA001.EY01.TE01.,++BF01.US06.,===DY2.,HSC0502
10KV系统,=TA001.EY01.TE01,,,
总线式消防电话插孔,=TA001.TB01.TN01.BF01.US08.XG01,++BF01.US08.,,
10KV变压器出线柜,=TA001.EY01.TE01.,++BF01.US06.,===DY2.AH12.,HSC0104
室外照明系统,=TA001.EY01.TE04.BG01,,,
控制室,,++BF01.US05,,BF01US05
智能光电感烟探测器,=TA001.TB01.FA01.BF01.US05.BQ01,++BF01.US05.,,MDS0104
语音+数据点,=TA001.TB01.TN01.BF01.US05.TD01,++BF01.US05.,,
进水闸门及格栅除污机配电箱 P1,=TA001.EY01.TE03.,++BF02.,===DY2.AH12.H02.ZB2.D1DP12.3.DP10O.1.,DB0501
弱电桥架3配件,=TA001.EY01.TY01.RF.UN07,,,
弱电桥架3配件,=TA001.EY01.TY01.RF.UN12,,,
泵站1~2轴双电源切换照明配电箱 BMX2,=TA001.EY01.TE03.,++BF02.US02.,===DY1.AH1.H01.ZB1.C1DP1.3.DP3O.6.,SDB0201
语音+数据点,=TA001.TB01.TN01.BF01.US05.TD02,++BF01.US05.,,
照明灯具: MX1-N1,=TA001.EY01.TE04.BF01.US03.EA01,++BF01.US03.,===DY1.AH1.H01.ZB1.C1DP1.3.DP3O.2.N1.BG02.,FPL0119
ZB1变压器,,,===DY1.AH1.H01.ZB1,
给排水排水系统,=TA001.ST01.TT01,,,
壁灯 - 托架: BMX2-N2,=TA001.EY01.TE04.BF02.EA09,++BF02.US02.,===DY1.AH1.H01.ZB1.C1DP1.3.DP3O.6.N2.,AGL0108
语音+数据点2,=TA001.TB01.TN01.BF02.TD02,++BF02.,,
室外照明配电箱 WMX,,,===DY1.AH1.H01.ZB1.C1DP1.3.DP3O.7,
弱电桥架3配件,=TA001.EY01.TY01.RF.UN13,,,
格栅除污供电,,,===DY2.AH12.H02.ZB2.D1DP12.3.DP10O.1.3.1,
语音+数据点7,=TA001.TB01.TN01.BF02.TD07,++BF02.,,
智能光电感烟探测器,=TA001.TB01.FA01.BF01.US09.BQ01,++BF01.US09.,,MDS0111
10KV变压器出线柜,=TA001.EY01.TE01.,++BF01.US06.,===DY1.AH1.,HSC0101
吸顶式报警扬声器,=TA001.TB01.FA01.BF01.US05.PJ01,++BF01.US05.,,
K3,,,,
0.4KV出线,,,===DY1.AH1.H01.ZB1.C1DP1.3.DP6O,
火灾声报警器: 标准,=TA001.TB01.FA01.ALRM.SF22,,,
火灾声报警器: 标准,=TA001.TB01.FA01.ALRM.SF20,,,
0.4KV供电1,,,===DY1.AH1.H01.ZB1.C1DP1,
电动单梁起重机: P3-1,=TA001.BJ01.IN01.QZ01,++BF02.,===DY2.AH12.H02.ZB2.D1DP12.3.DP10O.3.1.,CR0101
单相二眼三眼组合暗插座,=TA001.EY01.TE03.,++BF01.US09.,===DY1.AH1.H01.ZB1.C1DP1.3.DP3O.3.N5.XD02,PS0113
0.4KV出线,,,===DY1.AH1.H01.ZB1.C1DP1.3.DP4O,
安全照明灯: MX1-N3,=TA001.EY01.TE04.BF01.US04.EA02,++BF01.US04.,,SSL0102
低压配电室模拟屏,,,===DY2.AH12.H02.ZB2.D1DP12.3.DP10O.5.8,
弱电桥架3配件,=TA001.EY01.TY01.RF.UN06,,,
室外,,++BG01,,
壁灯 - 托架: BMX2-N1,=TA001.EY01.TE04.BF02.EA02,++BF02.US02.,===DY1.AH1.H01.ZB1.C1DP1.3.DP3O.6.N1.,AGL0112
污水管1,=TA001.ST01.TT01.WM01,,,
J通用管件,=TA001.ST01.TS01.UN.UN25,,,
工艺系统,=TA001.BJ01,,,
语音+数据点,=TA001.TB01.TN01.BF01.US09.TD03,++BF01.US09.,,
W变径管件,=TA001.ST01.TT01.UN.UN18,,,
卫生间、走道照明,,,===DY1.AH1.H01.ZB1.C1DP1.3.DP3O.2.N3,
AH7柜顶电源小母线,,,===DY2.AH12.H02.ZB2.D1DP12.3.DP10O.5.4,
弱电桥架3配件,=TA001.EY01.TY01.RF.UN11,,,
安全照明灯: MX1-N4,=TA001.EY01.TE04.BF01.US10.EA01,++BF01.US10.,===DY1.AH1.H01.ZB1.C1DP1.3.DP3O.2.N4.SF02.,AGL0101
吸顶式报警扬声器,=TA001.TB01.FA01.BF02.PJ02,++BF02.,,
移动加日光感应探头,=TA001.EY01.TE04.,++BG01.,===DY1.AH1.H01.ZB1.C1DP1.3.DP3O.2.N5.BG05,MDS0109
超声波液位计LT4,=TA001.BJ01.TS01.BL04,++BF02.US02.,,ULG0104
控制间地插,,,===DY1.AH1.H01.ZB1.C1DP1.3.DP3O.3.N1,
火灾声报警器: 标准,=TA001.TB01.FA01.ALRM.SF21,,,
排风扇: KX-9,=TA001.TL01.BF01.GQ07,++BF01.US04.,===DY1.AH1.H01.ZB1.C1DP1.3.DP3O.4.N9.SF01.,SF0101
照明灯具: SMX1-N2,=TA001.EY01.TE04.BF01.US05.EA10,++BF01.US05.,===DY1.AH1.H01.ZB1.C1DP1.3.DP3O.1.N2.BG01.,FPL0101
W三通管件,=TA001.ST01.TT01.UN.UN11,,,
火灾光报警器: 标准,=TA001.TB01.FA01.ALRM.SF08,,,AVA0101
照明灯具: SMX1-N1,=TA001.EY01.TE04.BF01.US05.EA02,++BF01.US05.,===DY1.AH1.H01.ZB1.C1DP1.3.DP3O.1.N1.BG01.,FPL0104
单相二眼三眼组合暗插座,=TA001.EY01.TE03.,++BF01.US02.,===DY1.AH1.H01.ZB1.C1DP1.3.DP3O.2.N6.XD02,PS0102
W三通管件,=TA001.ST01.TT01.UN.UN12,,,
移动加日光感应探头,=TA001.EY01.TE04.,++BF01.US04.,===DY1.AH1.H01.ZB1.C1DP1.3.DP3O.2.N3.BG01,MDS0125
带云台的摄像机: 标准,=TA001.TB01.VS01.SEVI010,,,CCTV0303
梯形桥架,=TA001.EY01.TY01.QJ6,,,
室内半球,=TA001.TB01.VS01.AF09,++BF01.US10.,,CCTV0105
语音+数据点,=TA001.TB01.TN01.BF01.US09.TD01,++BF01.US09.,,
吸顶式报警扬声器,=TA001.TB01.FA01.BF02.PJ04,++BF02.,,
手动报警按钮: 标准,=TA001.TB01.FA01.ALRM.SF04,,,MFAB0104
光电感烟探测器: 点型,=TA001.TB01.FA01.FRSN.BQ12,,,ISD0110
壁灯 - 托架: BMX1-N1,=TA001.EY01.TE04.BF02.EA10,++BF02.US01.,===DY1.AH1.H01.ZB1.C1DP1.3.DP3O.5.N1.,AGL0109
单相二眼三眼组合暗插座,=TA001.EY01.TE03.,++BF01.US01.,===DY1.AH1.H01.ZB1.C1DP1.3.DP3O.2.N9.XD01,PS0105
接线端子箱卫生间,=TA001.EY01.TE03.,++BF01.US04.,,ETB0105
4#雨水泵按钮箱 GK4,=TA001.EY01.TE03.,++BF02.,===DY2.AH12.H02.ZB2.D1DP12.3.DP8O.1.1.,WPB0104
J通用管件,=TA001.ST01.TS01.UN.UN05,,,
UPS柜: UPS柜,=TA001.EY01.TE03.,++BF01.US05.,,UPS0101
0.4KV出线,,,===DY2.AH12.H02.ZB2.D1DP12.3.DP8O,
泵站检修箱 JX1,=TA001.EY01.TE03.,++BF02.,===DY2.AH12.H02.ZB2.D1DP12.3.DP10O.6.,MB0101
J通用管件,=TA001.ST01.TS01.UN.UN06,,,
防水防尘防震防眩灯,=TA001.EY01.TE04.BF02.EA01,++BF02.US01.,===DY1.AH1.H01.ZB1.C1DP1.3.DP3O.6.N1.,AGL0111
暖通通风系统,=TA001.TL01,,,
J通用管件,=TA001.ST01.TS01.UN.UN12,,,
变压器室1走道火灾报警系统,=TA001.TB01.FA01.BF01.US08,,,
0.4KV馈线柜,=TA001.EY01.TE02.,++BF01.US09.,===DY2.AH12.H02.ZB2.D1DP12.3.,LDC0306
3-5轴泵房照明1,,,===DY1.AH1.H01.ZB1.C1DP1.3.DP3O.5.N1,
照明灯具: SMX1-N2,=TA001.EY01.TE04.BF01.US05.EA11,++BF01.US05.,===DY1.AH1.H01.ZB1.C1DP1.3.DP3O.1.N2.BG01.,FPL0102
2#变压器柜ZB2，输出0.4KV D1,=TA001.EY01.TE03.,++BF01.US10.,===DY2.AH12.H02.,TR0102
控制间 分体式柜式空调,=TA001.TL01.BF01.EZ03,++BF01.US05.,===DY1.AH1.H01.ZB1.C1DP1.3.DP3O.4.N3.XD01.,
智能光电感烟探测器,=TA001.TB01.FA01.BF01.US11.BQ01,++BF01.US11.,,MDS0121
弱电桥架1,=TA001.EY01.TY01.QJ1,,,
雨水泵_GK4-1,=TA001.BJ01.PP01.GP04,++BF02.US01.,===DY2.AH12.H02.ZB2.D1DP12.3.DP8O.1.1.1.,CP0104
语音+数据点,=TA001.TB01.TN01.BF01.US02.TD01,++BF01.US02.,,
光电感烟探测器: 点型,=TA001.TB01.FA01.FRSN.BQ13,,,ISD0111
管形母线桥架2配件,=TA001.EY01.TY01.UF.UN05,,,
XBDZ-5（风机）: K5-3,=TA001.TL01.BF02.GQ03,++BF02.,===DY1.AH1.H01.ZB1.C1DP1.3.DP3O.8.F3.,AF0203
0.4KV分段柜,=TA001.EY01.TE02.,++BF01.US09.,,LDC0107
备用,,,===DY1.AH1.H01.ZB1.C1DP1.3.DP3O.2.N11,
5#水泵按钮箱 GK5,,,===DY2.AH12.H02.ZB2.D1DP12.3.DP9O.1.1,
直流屏,,,===DY2.AH12.H02.ZB2.D1DP12.3.DP10O.4,DCP0101
J通用管件,=TA001.ST01.TS01.UN.UN01,,,
监控器,=TA001.TB01.VS01.AF04,++BF01.US07.,,
照明灯具: SMX1-N1,=TA001.EY01.TE04.BF01.US05.EA06,++BF01.US05.,===DY1.AH1.H01.ZB1.C1DP1.3.DP3O.1.N1.BG01.,FPL0108
安全照明灯: SMX1-N1,=TA001.EY01.TE04.BF01.US01.EA07,++BF01.US01.,===DY1.AH1.H01.ZB1.C1DP1.3.DP3O.1.N1.,EEL0202
复合感烟感温探测器: 点型,=TA001.TB01.FA01.FRSN.BQ17,,,ITD0101
一位单控暗开关,=TA001.EY01.,++BF01.US09.,===DY1.AH1.H01.ZB1.C1DP1.3.DP3O.10.F4.SF01,
梯形电缆桥架配件,=TA001.EY01.TY01.EF.UN01,,,
语音+数据点,=TA001.TB01.TN01.BF01.US03.TD02,++BF01.US03.,,
照明灯具: SMX1-N5,=TA001.EY01.TE04.BF01.US06.EA04,++BF01.US06.,===DY1.AH1.H01.ZB1.C1DP1.3.DP3O.1.N5.BG01.,SSL0404
休息室1 分体式挂式空调,=TA001.TL01.BF01.EZ01,++BF01.US02.,===DY1.AH1.H01.ZB1.C1DP1.3.DP3O.4.N4.XD01.,
交流屏: 交流屏,=TA001.EY01.TE03.,++BF01.US05.,===DY2.AH12.H02.ZB2.D1DP12.3.DP10O.5.,ACP0101
变压器ZB2温控装置,,,===DY2.AH12.H02.ZB2.D1DP12.3.DP10O.5.2,
智能光电感烟探测器,=TA001.TB01.FA01.BF01.US08.BQ01,++BF01.US08.,,MDS0105
10KV电压互感器柜,=TA001.EY01.TE01.,++BF01.US06.,===DY1.AH1.,HSC0301
机柜组,,,,
04kV进线柜,=TA001.EY01.TE02.,++BF01.US09.,===DY1.AH1.H01.ZB1.C1DP1.,LDC0401
总线式消防电话插孔,=TA001.TB01.TN01.BF02.XG03,++BF02.,,
移动加日光感应探头,=TA001.EY01.TE04.,++BF01.US01.,===DY1.AH1.H01.ZB1.C1DP1.3.DP3O.2.N2.BG02,MDS0118
10KV进线柜,=TA001.EY01.TE01.,++BF01.US06.,===DY2.,HSC0402
出水闸门螺杆启闭机3,=TA001.BJ01.OU01.QB03,++BF02.,,
变压器室2电话、网络系统,=TA001.TB01.TN01.BF01.US10,,,
总线式消防电话插孔,=TA001.TB01.TN01.BF02.XG04,++BF02.,,
水泵软启柜 RQ4,,,===DY2.AH12.H02.ZB2.D1DP12.3.DP8O.1,
智能单输入模块,=TA001.TB01.FA01.BF01.US05.KF01,++BF01.US05.,,
移动加日光感应探头,=TA001.EY01.TE04.,++BF01.US06.,===DY1.AH1.H01.ZB1.C1DP1.3.DP3O.1.N4.BG01,MDS0124
移动加日光感应探头,=TA001.EY01.TE04.,++BF01.US09.,===DY1.AH1.H01.ZB1.C1DP1.3.DP3O.1.N6.BG01,MDS0122
一位单控暗开关,=TA001.EY01.,++BF01.US07.,===DY1.AH1.H01.ZB1.C1DP1.3.DP3O.2.N4.SF01,
备用,,,===DY1.AH1.H01.ZB1.C1DP1.3.DP3O.12,
声光报警器,=TA001.TB01.FA01.BF01.US08.SG01,++BF01.US08.,,AVA0103
W通用管件,=TA001.ST01.TT01.UN.UN04,,,
控制室照明1,,,===DY1.AH1.H01.ZB1.C1DP1.3.DP3O.1.N1,
三防内场固态灯 21W,=TA001.EY01.TE04.BF01.US06.EA08,++BF01.US06.,===DY1.AH1.H01.ZB1.C1DP1.3.DP3O.1.N4.BG01.,SSL0303
一位单控暗开关,=TA001.EY01.,++BF01.US09.,===DY1.AH1.H01.ZB1.C1DP1.3.DP3O.10.F4.SF01,
出水闸门螺杆启闭机1,=TA001.BJ01.OU01.QB01,++BF02.,,
手动报警按钮: 标准,=TA001.TB01.FA01.ALRM.SF01,,,MFAB0101
管形母线桥架1配件,=TA001.EY01.TY01.UF.UN01,,,
2#进水电动闸门 ZM2,,,===DY2.AH12.H02.ZB2.D1DP12.3.DP10O.1.2,
吸顶式报警扬声器,=TA001.TB01.FA01.BF02.PJ03,++BF02.,,
接线端子箱控制室,=TA001.EY01.TE03.,++BF01.US05.,,ETB0101
庭院灯: WMX-N1,=TA001.EY01.TE04.BG01.EA01,++BG01.,===DY1.AH1.H01.ZB1.C1DP1.3.DP3O.7.N1.,GL0102
PLC/机架,,,,
W通用管件,=TA001.ST01.TT01.UN.UN08,,,
备用,,,===DY1.AH1.H01.ZB1.C1DP1.3.DP3O.1.N9,
语音+数据点,=TA001.TB01.TN01.BF01.US06.TD03,++BF01.US06.,,
安全照明灯: MX1-N5,=TA001.EY01.TE04.BG01.EA12,++BG01.,===DY1.AH1.H01.ZB1.C1DP1.3.DP3O.2.N5.BG02.,SSL0205
火灾光报警器: 标准,=TA001.TB01.FA01.ALRM.SF09,,,AVA0102
J通用管件,=TA001.ST01.TS01.UN.UN13,,,
语音+数据点,=TA001.TB01.TN01.BF01.US07.TD01,++BF01.US07.,,
备用,,,===DY1.AH1.H01.ZB1.C1DP1.3.DP3O.1.N8,
直流屏,=TA001.EY01.TE03.,++BF01.US05.,===DY2.AH12.H02.ZB2.D1DP12.3.DP10O.4.,DCP0101
门厅空调,,,===DY1.AH1.H01.ZB1.C1DP1.3.DP3O.4.N2,
管理房检修箱 JX2,=TA001.EY01.TE03.,++BF01.US06.,===DY2.AH12.H02.ZB2.D1DP12.3.DP10O.7.,MB0501
室外照明配电箱 WMX,=TA001.EY01.TE03.,++BF01.US03.,===DY1.AH1.H01.ZB1.C1DP1.3.DP3O.7.,OLDB0101
休息室1火灾报警系统,=TA001.TB01.FA01.BF01.US02,,,
低压配电间照明系统,=TA001.EY01.TE04.BF01.US09,,,
弱电桥架3配件,=TA001.EY01.TY01.RF.UN15,,,
庭院灯: WMX-N3,=TA001.EY01.TE04.BG01.EA06,++BG01.,===DY1.AH1.H01.ZB1.C1DP1.3.DP3O.7.N3.,GL0108
休息室2 分体式挂式空调,=TA001.TL01.BF01.EZ02,++BF01.US03.,===DY1.AH1.H01.ZB1.C1DP1.3.DP3O.4.N1.XD01.,
智能光电感烟探测器,=TA001.TB01.FA01.BF01.US01.BQ02,++BF01.US01.,,MDS0118
火灾声报警器: 标准,=TA001.TB01.FA01.ALRM.SF15,,,
吸顶式报警扬声器,=TA001.TB01.FA01.BF01.US06.PJ01,++BF01.US06.,,
备用,,,===DY1.AH1.H01.ZB1.C1DP1.3.DP3O.6.N5,
变压室2走道,,++BF01.US11,,BF01US11
照明灯具: SMX1-N4,=TA001.EY01.TE04.BF01.US06.EA07,++BF01.US06.,===DY1.AH1.H01.ZB1.C1DP1.3.DP3O.1.N4.BG01.,SSL0302
高压配电室电话、网络系统,=TA001.TB01.TN01.BF01.US06,,,
管井4,,++BG01.GJ04,,GJ04
4#出水电动闸门 ZM8,=TA001.BJ01.OU01.FQ08,++BF02.,===DY2.AH12.H02.ZB2.D1DP12.3.DP10O.2.6.,GT0208
地板单相二眼三眼组合暗插座,=TA001.EY01.TE03.,++BF01.US05.,===DY1.AH1.H01.ZB1.C1DP1.3.DP3O.3.N1.XD02,PS0202
控制间空调,,,===DY1.AH1.H01.ZB1.C1DP1.3.DP3O.4.N3,
移动加日光感应探头,=TA001.EY01.TE04.,++BF01.US09.,===DY1.AH1.H01.ZB1.C1DP1.3.DP3O.1.N6.BG03,MDS0111
总线式消防电话插孔,=TA001.TB01.TN01.BF02.XG02,++BF02.,,
火灾声报警器: 标准,=TA001.TB01.FA01.ALRM.SF16,,,
浮球阀 - 螺纹: 15 mm,=TA001.BJ01.FQFM.FLS0103,++BF02.US02.,,FLS0103
管型母线桥架,=TA001.EY01.TY01.QJ4,,,
庭院灯: WMX-N1,=TA001.EY01.TE04.BG01.EA04,++BG01.,===DY1.AH1.H01.ZB1.C1DP1.3.DP3O.7.N1.,GL0104
管形母线桥架2配件,=TA001.EY01.TY01.UF.UN08,,,
庭院灯: WMX-N3,=TA001.EY01.TE04.BG01.EA09,++BG01.,===DY1.AH1.H01.ZB1.C1DP1.3.DP3O.7.N3.,GL0110
标准计量柜1~2: 标准计量柜1~2,=TA001.EY01.TE03.,++BF01.US05.,,MC0101
给排水给水系统,=TA001.ST01.TS01,,,
水泵试验回水管闸门ZM4,=TA001.BJ01.OU01.FQ04,++BF02.,===DY2.AH12.H02.ZB2.D1DP12.3.DP10O.2.2.,GT0204
4#泵房风机,,,===DY1.AH1.H01.ZB1.C1DP1.3.DP3O.8.F4,
1#水泵电机,,,===DY1.AH1.H01.ZB1.C1DP1.3.DP4O.1.1.1,
2#出水电动闸门 ZM6,=TA001.BJ01.OU01.FQ06,++BF02.,===DY2.AH12.H02.ZB2.D1DP12.3.DP10O.2.4.,GT0206
变压器室1火灾报警系统,=TA001.TB01.FA01.BF01.US07,,,
浮球阀 - 螺纹: 15 mm,=TA001.BJ01.FQFM.FLS0108,++BF02.US02.,,FLS0108
壁灯 - 托架: BMX1-N1,=TA001.EY01.TE04.BF02.EA11,++BF02.US01.,===DY1.AH1.H01.ZB1.C1DP1.3.DP3O.5.N1.,AGL0110
总线式消防电话插孔,=TA001.TB01.TN01.BF01.US11.XG01,,,
单相二眼三眼组合暗插座,=TA001.EY01.TE03.,++BF01.US09.,===DY1.AH1.H01.ZB1.C1DP1.3.DP3O.3.N5.XD01,PS0112
污水管1管件,=TA001.ST01.TT01.UN,,,
柜体正面安装板,,,,
庭院灯: WMX-N1,=TA001.EY01.TE04.BG01.EA02,++BG01.,===DY1.AH1.H01.ZB1.C1DP1.3.DP3O.7.N1.,GL0103
安全照明灯: MX1-N5,=TA001.EY01.TE04.BG01.EA16,++BG01.,===DY1.AH1.H01.ZB1.C1DP1.3.DP3O.2.N5.BG06.,SSL0206
备用,,,===DY1.AH1.H01.ZB1.C1DP1.3.DP3O.1.N3,
W三通管件,=TA001.ST01.TT01.UN.UN15,,,
雨量计: 雨量计,=TA001.BJ01.RN00.RT01,,,RG0101
照明灯具: SMX1-N6,=TA001.EY01.TE04.BF01.US09.EA06,++BF01.US09.,===DY1.AH1.H01.ZB1.C1DP1.3.DP3O.1.N6.BG03.,SSL0310
弱电消防系统,=TA001.TB01,,,
管理房检修箱 JX4,=TA001.EY01.TE03.,++BF01.US09.,===DY2.AH12.H02.ZB2.D1DP12.3.DP10O.7.1.,MB0502
网络柜: 网络柜,=TA001.EY01.TE03.,++BF01.US05.,,NET0101
变配电间及管理房室内照明系统,=TA001.EY01.TE04.BF01,,,
泵房火灾报警系统,=TA001.TB01.FA01.BF02,,,
2#进水电动闸门 ZM2,=TA001.BJ01.IN01.FQ02,++BF02.,===DY2.AH12.H02.ZB2.D1DP12.3.DP10O.1.2.,GT0102
格栅间检修箱 JX5,=TA001.EY01.TE03.,++BF02.,===DY2.AH12.H02.ZB2.D1DP12.3.DP10O.11.,MB0301
火灾光报警器: 标准,=TA001.TB01.FA01.ALRM.SF10,,,AVA0103
卫生间排风扇,,,===DY1.AH1.H01.ZB1.C1DP1.3.DP3O.4.N9,
PLC柜: PLC柜,=TA001.EY01.TE03.,++BF01.US05.,===DY2.AH12.H02.ZB2.D1DP12.3.DP10O.5.6.,PLC0101
J变径管件,=TA001.ST01.TS01.UN.UN42,,,
移动加日光感应探头,=TA001.EY01.TE04.,++BF01.US08.,===DY1.AH1.H01.ZB1.C1DP1.3.DP3O.2.N3.BG02,MDS0121
管井1,,++BG01.GJ01,,GJ01
1#变温控电源,,,===DY1.AH1.H01.ZB1.C1DP1.2,
智能光电感烟探测器,=TA001.TB01.FA01.BF01.US06.BQ01,++BF01.US06.,,MDS0102
智能光电感烟探测器,=TA001.TB01.FA01.BF02.BQ02,++BF02.,,ISD0102
管理房检修箱 JX4,,,===DY2.AH12.H02.ZB2.D1DP12.3.DP10O.7.1,
光电感烟探测器: 点型,=TA001.TB01.FA01.FRSN.BQ08,,,ISD0105
照明灯具: MX1-N2,=TA001.EY01.TE04.BF01.US01.EA02,++BF01.US01.,===DY1.AH1.H01.ZB1.C1DP1.3.DP3O.2.N2.BG01.,FPL0113
空调插座,=TA001.EY01.TE03.,++BF01.US02.,===DY1.AH1.H01.ZB1.C1DP1.3.DP3O.4.N4.XD01,PS0504
0.4KV馈线柜,=TA001.EY01.TE02.,++BF01.US09.,===DY1.AH1.H01.ZB1.C1DP1.3.,LDC0302
三防内场固态灯 40W,=TA001.EY01.TE04.BF01.US09.EA15,++BF01.US09.,===DY1.AH1.H01.ZB1.C1DP1.3.DP3O.1.N7.BG02.,SSL0414
超声波液位计LT6,=TA001.BJ01.TS01.BL06,++BF02.US02.,,ULG0106
语音+数据点1,=TA001.TB01.TN01.BF02.TD01,++BF02.,,
防水型单相二眼三眼组合暗插座,=TA001.EY01.TE03.,++BF01.US04.,===DY1.AH1.H01.ZB1.C1DP1.3.DP3O.2.N8.XD01,PS0301
格栅间检修箱 JX6,,,===DY2.AH12.H02.ZB2.D1DP12.3.DP10O.11.1,
休息室2照明系统,=TA001.EY01.TE04.BF01.US03,,,
交流屏 K1（备）,,,===DY1.AH1.H01.ZB1.C1DP1.3.DP3O.9,
变压器室1照明系统,=TA001.EY01.TE04.BF01.US07,,,
J通用管件,=TA001.ST01.TS01.UN.UN28,,,
W变径管件,=TA001.ST01.TT01.UN.UN23,,,
声光报警器,=TA001.TB01.FA01.BF02.SG02,++BF02.,,AVA0105
照明灯具: SMX1-N7,=TA001.EY01.TE04.BF01.US09.EA11,++BF01.US09.,===DY1.AH1.H01.ZB1.C1DP1.3.DP3O.1.N7.BG01.,SSL0410
泵房风机控制箱 K5,,,===DY1.AH1.H01.ZB1.C1DP1.3.DP3O.8,
W三通管件,=TA001.ST01.TT01.UN.UN13,,,
管理房空调配电箱 KX,,,===DY1.AH1.H01.ZB1.C1DP1.3.DP3O.4,
交流屏 K1(常）,,,===DY2.AH12.H02.ZB2.D1DP12.3.DP10O.5,
备用,,,===DY1.AH1.H01.ZB1.C1DP1.3.DP3O.6.N4,
水泵软启柜 RQ2,,,===DY1.AH1.H01.ZB1.C1DP1.3.DP5O.1,
管理房照明配电箱 MX1,,,===DY1.AH1.H01.ZB1.C1DP1.3.DP3O.2,
管形母线桥架1配件,=TA001.EY01.TY01.UF.UN03,,,
J通用管件,=TA001.ST01.TS01.UN.UN07,,,
安全照明灯: SMX1-N1,=TA001.EY01.TE04.BF01.US03.EA03,++BF01.US03.,===DY1.AH1.H01.ZB1.C1DP1.3.DP3O.1.N1.,EEL0203
吸顶式报警扬声器,=TA001.TB01.FA01.BF01.US01.PJ01,++BF01.US01.,,
备用,,,===DY2.AH12.H02.ZB2.D1DP12.3.DP10O.5.14,
2#泵房风机,,,===DY1.AH1.H01.ZB1.C1DP1.3.DP3O.8.F2,
0.4KV出线,,,===DY1.AH1.H01.ZB1.C1DP1.3.DP3O,
3-5轴泵房照明2,,,===DY1.AH1.H01.ZB1.C1DP1.3.DP3O.5.N2,
泵站检修箱 JX1,,,===DY2.AH12.H02.ZB2.D1DP12.3.DP10O.6,MB0101
休息室2,,++BF01.US03,,BF01US03
智能单输入模块,=TA001.TB01.FA01.BF01.US09.KF01,++BF01.US09.,,
壁灯 - 托架: BMX1-N1,=TA001.EY01.TE04.BF02.EA12,++BF02.US01.,===DY1.AH1.H01.ZB1.C1DP1.3.DP3O.5.N1.,AGL0114
J通用管件,=TA001.ST01.TS01.UN.UN20,,,
移动加日光感应探头,=TA001.EY01.TE04.,++BG01.,===DY1.AH1.H01.ZB1.C1DP1.3.DP3O.2.N5.BG02,MDS0117
消防烟传感器,=TA001.TB01.FA01.FRSN,,,
接地端子箱东泵站,=TA001.EY01.TE03.,++BF02.,,ETB0102
10KV电压互感器柜,=TA001.EY01.TE01.,++BF01.US06.,===DY2.AH12.,HSC0302
光电感烟探测器: 点型,=TA001.TB01.FA01.FRSN.BQ03,++BF01.US10.,,ISD0113
移动加日光感应探头,=TA001.EY01.TE04.,++BF01.US09.,===DY1.AH1.H01.ZB1.C1DP1.3.DP3O.1.N7.BG02,MDS0103
W三通管件,=TA001.ST01.TT01.UN.UN17,,,
语音+数据点8,=TA001.TB01.TN01.BF02.TD08,++BF02.,,
弱电桥架1配件,=TA001.EY01.TY01.RF.UN02,,,
热水器: 热水器,=TA001.ST01.TS01.EB01,++BF01.US04.,,EWH0101
休息室照明,,,===DY1.AH1.H01.ZB1.C1DP1.3.DP3O.2.N1,
移动加日光感应探头,=TA001.EY01.TE04.,++BF01.US09.,===DY1.AH1.H01.ZB1.C1DP1.3.DP3O.1.N6.BG02,MDS0123
照明灯具: SMX1-N2,=TA001.EY01.TE04.BF01.US05.EA09,++BF01.US05.,===DY1.AH1.H01.ZB1.C1DP1.3.DP3O.1.N2.BG01.,FPL0111
空调插座,=TA001.EY01.TE03.,++BF01.US05.,===DY1.AH1.H01.ZB1.C1DP1.3.DP3O.4.N3.XD01,PS0503
智能光电感烟探测器,=TA001.TB01.FA01.BF02.BQ03,++BF02.,,ISD0115
手动报警按钮: 标准,=TA001.TB01.FA01.ALRM.SF06,,,MFAB0106
W三通管件,=TA001.ST01.TT01.UN.UN14,,,
J通用管件,=TA001.ST01.TS01.UN.UN22,,,
感应式台式洗脸盆,=TA001.ST01.TS01.LP01,++BF01.US04.,,
照明灯具: SMX1-N5,=TA001.EY01.TE04.BF01.US06.EA05,++BF01.US06.,===DY1.AH1.H01.ZB1.C1DP1.3.DP3O.1.N5.BG01.,SSL0405
移动加日光感应探头,=TA001.EY01.TE04.,++BF01.US09.,===DY1.AH1.H01.ZB1.C1DP1.3.DP3O.1.N6.BG04,MDS0112
弱电桥架配件,=TA001.EY01.TY01.RF,,,
1#出水电动闸门 ZM5,=TA001.BJ01.OU01.FQ05,++BF02.,===DY2.AH12.H02.ZB2.D1DP12.3.DP10O.2.3.,GT0205
J通用管件,=TA001.ST01.TS01.UN.UN23,,,
管形母线桥架1配件,=TA001.EY01.TY01.UF.UN02,,,
备用,,,===DY2.AH12.H02.ZB2.D1DP12.3.DP10O.5.12,
弱电桥架3配件,=TA001.EY01.TY01.RF.UN03,,,
照明灯具: SMX1-N7,=TA001.EY01.TE04.BF01.US09.EA07,++BF01.US09.,===DY1.AH1.H01.ZB1.C1DP1.3.DP3O.1.N7.BG01.,SSL0415
电气系统,=TA001.EY01,,,
壁灯 - 托架: BMX2-N2,=TA001.EY01.TE04.BF02.EA07,++BF02.US02.,===DY1.AH1.H01.ZB1.C1DP1.3.DP3O.6.N2.,AGL0106
10KV进线1,,,===DY1,
备用,,,===DY2.AH12.H02.ZB2.D1DP12.3.DP10O.12,
弱电桥架3配件,=TA001.EY01.TY01.RF.UN14,,,
安全照明灯: SMX1-N1,=TA001.EY01.TE04.BF01.US01.EA06,++BF01.US01.,===DY1.AH1.H01.ZB1.C1DP1.3.DP3O.1.N1.,EEL0201
火灾自动报警系统,=TA001.TB01.FA01,,,
接地端子箱低压配电室1,=TA001.EY01.TE03.,++BF01.US05.,,ETB0103
休息室2火灾报警系统,=TA001.TB01.FA01.BF01.US03,,,
庭院灯,=TA001.EY01.TE04.BG01.EA07,++BG01.,===DY1.AH1.H01.ZB1.C1DP1.3.DP3O.7.N3.,GL0107
J变径管件,=TA001.ST01.TS01.UN.UN40,,,
壁灯 - 托架: BMX1-N1,=TA001.EY01.TE04.BF02.EA14,++BF02.US01.,===DY1.AH1.H01.ZB1.C1DP1.3.DP3O.5.N1.,AGL0116
0.4KV供电2,,,===DY2.AH12.H02.ZB2.D1DP12,
智能单输入模块,=TA001.TB01.FA01.BF01.US07.KF01,++BF01.US07.,,
4#水泵电机,,,===DY2.AH12.H02.ZB2.D1DP12.3.DP8O.1.1.1,
浮球液位开关2,=TA001.BJ01.TS01.BL10,++BF02.,,
安全照明灯: MX1-N5,=TA001.EY01.TE04.BG01.EA11,++BG01.,===DY1.AH1.H01.ZB1.C1DP1.3.DP3O.2.N5.BG01.,SSL0204
水泵软启柜 RQ5,,,===DY2.AH12.H02.ZB2.D1DP12.3.DP9O.1,
照明灯具: MX1-N1,=TA001.EY01.TE04.BF01.US03.EA02,++BF01.US03.,===DY1.AH1.H01.ZB1.C1DP1.3.DP3O.2.N1.BG02.,FPL0120
J通用管件,=TA001.ST01.TS01.UN.UN04,,,
吸顶式报警扬声器,=TA001.TB01.FA01.BF02.PJ01,++BF02.,,
J通用管件,=TA001.ST01.TS01.UN.UN18,,,
并联,,,===DY1.AH1.H01.ZB1.C1DP1.3.DP3O.7.SPD,
语音+数据点4,=TA001.TB01.TN01.BF02.TD04,++BF02.,,
水泵软启柜 RQ5,=TA001.EY01.TE03.,++BF02.,===DY2.AH12.H02.ZB2.D1DP12.3.DP9O.1.,
回笼水电动闸门 ZM4,,,===DY2.AH12.H02.ZB2.D1DP12.3.DP10O.2.2,
ZB2变压器,,,===DY2.AH12.H02.ZB2,
动力桥架,=TA001.EY01.TY01.QJ7,,,
W变径管件,=TA001.ST01.TT01.UN.UN21,,,
泵站检修箱 JX3,=TA001.EY01.TE03.,++BF02.,===DY2.AH12.H02.ZB2.D1DP12.3.DP10O.6.1.,MB0201
照明灯具: SMX1-N6,=TA001.EY01.TE04.BF01.US09.EA05,++BF01.US09.,===DY1.AH1.H01.ZB1.C1DP1.3.DP3O.1.N6.BG04.,SSL0309
0.4KV出线,,,===DY2.AH12.H02.ZB2.D1DP12.3.DP9O,
6#管理房风机,,,===DY1.AH1.H01.ZB1.C1DP1.3.DP3O.10.F6,
3#泵房风机,,,===DY1.AH1.H01.ZB1.C1DP1.3.DP3O.8.F3,
移动加日光感应探头,=TA001.EY01.TE04.,++BG01.,===DY1.AH1.H01.ZB1.C1DP1.3.DP3O.2.N5.BG01,MDS0116
庭院灯: WMX-N1,=TA001.EY01.TE04.BG01.EA03,++BG01.,===DY1.AH1.H01.ZB1.C1DP1.3.DP3O.7.N1.,GL0101
W通用管件,=TA001.ST01.TT01.UN.UN09,,,
浮球阀 - 螺纹: 15 mm,=TA001.BJ01.FQFM.FLS0104,++BF02.US02.,,FLS0104
1#管理房风机,,,===DY1.AH1.H01.ZB1.C1DP1.3.DP3O.10.F1,
J通用管件,=TA001.ST01.TS01.UN.UN09,,,
照明灯具: SMX1-N6,=TA001.EY01.TE04.BF01.US09.EA01,++BF01.US09.,===DY1.AH1.H01.ZB1.C1DP1.3.DP3O.1.N6.BG01.,SSL0305
工艺系统 进水,=TA001.BJ01.IN01,,,
移动加日光感应探头,=TA001.EY01.TE04.,++BG01.,===DY1.AH1.H01.ZB1.C1DP1.3.DP3O.2.N5.BG07,MDS0113
监控器,=TA001.TB01.VS01.AF03,++BF01.US06.,,
水泵软启柜 RQ4,=TA001.EY01.TE03.,++BF02.,===DY2.AH12.H02.ZB2.D1DP12.3.DP8O.1.,
室外照明1,,,===DY1.AH1.H01.ZB1.C1DP1.3.DP3O.7.N1,
一位单控暗开关,=TA001.EY01.,++BF01.US09.,===DY1.AH1.H01.ZB1.C1DP1.3.DP3O.10.F5.SF01,
单相二眼三眼组合暗插座,=TA001.EY01.TE03.,++BF01.US06.,===DY1.AH1.H01.ZB1.C1DP1.3.DP3O.3.N3.XD02,PS0110
室内半球,=TA001.TB01.VS01.AF10,++BF01.US09.,,CCTV0104
4#管理房风机,,,===DY1.AH1.H01.ZB1.C1DP1.3.DP3O.10.F4,
智能光电感烟探测器,=TA001.TB01.FA01.BF02.BQ04,++BF02.,,ISD0116
1#泵房风机,,,===DY1.AH1.H01.ZB1.C1DP1.3.DP3O.8.F1,
应急疏散指示灯 - 壁挂式: SMX1-N6,=TA001.EY01.TE04.BF01.US09.SG02,++BF01.US09.,===DY1.AH1.H01.ZB1.C1DP1.3.DP3O.1.N6.,EEL0102
1#出水电动闸门 ZM5,,,===DY2.AH12.H02.ZB2.D1DP12.3.DP10O.2.3,
休息室空调2,,,===DY1.AH1.H01.ZB1.C1DP1.3.DP3O.4.N1,
庭院灯: WMX-N3,=TA001.EY01.TE04.BG01.EA08,++BG01.,===DY1.AH1.H01.ZB1.C1DP1.3.DP3O.7.N3.,GL0106
手动报警按钮: 标准,=TA001.TB01.FA01.ALRM.SF02,,,MFAB0102
门厅照明系统,=TA001.EY01.TE04.BF01.US01,,,
超声波液位计LT5,=TA001.BJ01.TS01.BL05,++BF02.US02.,,ULG0105
1-2轴泵房照明1,,,===DY1.AH1.H01.ZB1.C1DP1.3.DP3O.6.N1,
空调插座,=TA001.EY01.TE03.,++BF01.US03.,===DY1.AH1.H01.ZB1.C1DP1.3.DP3O.4.N1.XD01,PS0501
泵房风机,=TA001.TL01.BF02,,,
高压配电室模拟屏,,,===DY2.AH12.H02.ZB2.D1DP12.3.DP10O.5.7,
浮球阀 - 螺纹: 15 mm,=TA001.BJ01.FQFM.FLS0101,++BF02.US02.,,FLS0101
安全照明灯: MX1-N3,=TA001.EY01.TE04.BF01.US11.EA02,++BF01.US11.,===DY1.AH1.H01.ZB1.C1DP1.3.DP3O.2.N3.BG03.,SSL0104
低压配电间电话、网络系统,=TA001.TB01.TN01.BF01.US09,,,
备用,,,===DY1.AH1.H01.ZB1.C1DP1.3.DP3O.4.N6,
照明灯具: SMX1-N1,=TA001.EY01.TE04.BF01.US05.EA03,++BF01.US05.,===DY1.AH1.H01.ZB1.C1DP1.3.DP3O.1.N1.BG01.,FPL0105
XBDZ-3.6（风机）: K4-6,=TA001.TL01.BF01.GQ06,++BF01.US10.,===DY1.AH1.H01.ZB1.C1DP1.3.DP3O.10.F6.SF01.,AF0106
集集水井隔墙联通孔闸门螺杆启闭机,=TA001.BJ01.IN01.QB03,++BF02.,,
0.4KV馈线柜,=TA001.EY01.TE02.,++BF01.US09.,===DY1.AH1.H01.ZB1.C1DP1.3.,LDC0303
总线式消防电话分机插孔,=TA001.TB01.TN01.BF01.US06.XG01,++BF01.US06.,,
J通用管件,=TA001.ST01.TS01.UN.UN19,,,
移动加日光感应探头,=TA001.EY01.TE04.,++BF01.US09.,===DY1.AH1.H01.ZB1.C1DP1.3.DP3O.1.N7.BG01,MDS0115
备用,,,===DY1.AH1.H01.ZB1.C1DP1.3.DP3O.5.N7,
语音+数据点,=TA001.TB01.TN01.BF01.US03.TD01,++BF01.US03.,,
火灾声报警器: 标准,=TA001.TB01.FA01.ALRM.SF18,,,
J三通管件,=TA001.ST01.TS01.UN.UN34,,,
备用,,,===DY1.AH1.H01.ZB1.C1DP1.3.DP3O.4.N11,
智能单输入模块,=TA001.TB01.FA01.BF01.US05.KF02,++BF01.US05.,,
单相二眼三眼组合暗插座,=TA001.EY01.TE03.,++BF01.US05.,===DY1.AH1.H01.ZB1.C1DP1.3.DP3O.3.N2.XD03,PS0108
W变径管件,=TA001.ST01.TT01.UN.UN19,,,
备用,,,===DY2.AH12.H02.ZB2.D1DP12.3.DP10O.5.15,
管型桥架配件,=TA001.EY01.TY01.UF,,,
0.4KV馈线柜,=TA001.EY01.TE02.,++BF01.US09.,===DY2.AH12.H02.ZB2.D1DP12.3.,LDC0305
光电感烟探测器: 点型,=TA001.TB01.FA01.FRSN.BQ15,,,ISD0115
室外照明2,,,===DY1.AH1.H01.ZB1.C1DP1.3.DP3O.7.N2,
电力配电系统,=TA001.EY01.TE03,,,
5#管理房风机,,,===DY1.AH1.H01.ZB1.C1DP1.3.DP3O.10.F5,
室外照明3,,,===DY1.AH1.H01.ZB1.C1DP1.3.DP3O.7.N3,
一位单控暗开关,=TA001.EY01.,++BF01.US10.,===DY1.AH1.H01.ZB1.C1DP1.3.DP3O.10.F6.SF01,
一位单控暗开关,=TA001.EY01.,++BF01.US04.,===DY1.AH1.H01.ZB1.C1DP1.3.DP3O.4.N9.SF01,
10KV总开关柜,=TA001.EY01.TE01.,++BF01.US06.,===DY2.AH12.,HSC0202
照明灯具: MX1-N2,=TA001.EY01.TE04.BF01.US01.EA05,++BF01.US01.,===DY1.AH1.H01.ZB1.C1DP1.3.DP3O.2.N2.BG02.,FPL0116
J变径管件,=TA001.ST01.TS01.UN.UN43,,,
一位单控暗开关,=TA001.EY01.,++BF01.US05.,===DY1.AH1.H01.ZB1.C1DP1.3.DP3O.10.F1.SF01,
光电感烟探测器: 点型,=TA001.TB01.FA01.FRSN.BQ16,,,ISD0116
RQ1-1 1#水泵按钮箱GK1,,,===DY1.AH1.H01.ZB1.C1DP1.3.DP4O.1.1,
J通用管件,=TA001.ST01.TS01.UN.UN14,,,
浮球阀 - 螺纹: 15 mm,=TA001.BJ01.FQFM.FLS0105,++BF02.US02.,,FLS0105
进水闸门及格栅除污机配电箱 P1,,,===DY2.AH12.H02.ZB2.D1DP12.3.DP10O.1,
备用,,,===DY1.AH1.H01.ZB1.C1DP1.1,
网络柜: 网络柜,=TA001.EY01.TE03.,++BF01.US05.,,NET0102
火灾声报警器: 标准,=TA001.TB01.FA01.ALRM.SF24,,,
移动加日光感应探头,=TA001.EY01.TE04.,++BF01.US11.,===DY1.AH1.H01.ZB1.C1DP1.3.DP3O.2.N3.BG03,MDS0105
卫生间热水器防水插座,,,===DY1.AH1.H01.ZB1.C1DP1.3.DP3O.2.N7,
照明灯具: SMX1-N7,=TA001.EY01.TE04.BF01.US09.EA08,++BF01.US09.,===DY1.AH1.H01.ZB1.C1DP1.3.DP3O.1.N7.BG01.,SSL0416
一位单控暗开关,=TA001.EY01.,++BF01.US07.,===DY1.AH1.H01.ZB1.C1DP1.3.DP3O.2.N4.SF01,
低压配电间插座,,,===DY1.AH1.H01.ZB1.C1DP1.3.DP3O.3.N5,
变配电及管理房风机,=TA001.TL01.BF01,,,
水泵软启柜 RQ3,=TA001.EY01.TE03.,++BF02.,===DY1.AH1.H01.ZB1.C1DP1.3.DP6O.1.,
火灾声报警器: 标准,=TA001.TB01.FA01.ALRM.SF19,,,
卷帘门插座,=TA001.EY01.TE03.,++BF02.,===DY1.AH1.H01.ZB1.C1DP1.3.DP3O.5.N5.XD01,
照明灯具: SMX1-N7,=TA001.EY01.TE04.BF01.US09.EA16,++BF01.US09.,===DY1.AH1.H01.ZB1.C1DP1.3.DP3O.1.N7.BG02.,SSL0407
门厅,,++BF01.US01,,BF01US01
空调插座,=TA001.EY01.TE03.,++BF01.US01.,===DY1.AH1.H01.ZB1.C1DP1.3.DP3O.4.N2.XD01,PS0502
照明灯具: SMX1-N4,=TA001.EY01.TE04.BF01.US06.EA10,++BF01.US06.,===DY1.AH1.H01.ZB1.C1DP1.3.DP3O.1.N4.BG02.,SSL0301
一位单控暗开关,=TA001.EY01.,++BF01.US10.,===DY1.AH1.H01.ZB1.C1DP1.3.DP3O.2.N4.SF02,
卷帘门插座,=TA001.EY01.TE03.,++BF02.,===DY1.AH1.H01.ZB1.C1DP1.3.DP3O.5.N5.XD02,
弱电桥架3配件,=TA001.EY01.TY01.RF.UN04,,,
XBDZ-3.6（风机）: K4-3,=TA001.TL01.BF01.GQ03,++BF01.US07.,===DY1.AH1.H01.ZB1.C1DP1.3.DP3O.10.F3.SF01.,AF0103
卫生间,,++BF01.US04,,BF01US04
3#出水电动闸门 ZM7,,,===DY2.AH12.H02.ZB2.D1DP12.3.DP10O.2.5,
单相二眼三眼组合暗插座,=TA001.EY01.TE03.,++BF01.US09.,===DY2.AH12.H02.ZB2.D1DP12.3.DP10O.5.8.XD01,PS0115
安全照明灯: MX1-N5,=TA001.EY01.TE04.BG01.EA13,++BG01.,===DY1.AH1.H01.ZB1.C1DP1.3.DP3O.2.N5.BG03.,SSL0201
弱电桥架3配件,=TA001.EY01.TY01.RF.UN10,,,
淋浴房喷头,=TA001.ST01.TS01.PT01,++BF01.US04.,,
备用,,,===DY2.AH12.H02.ZB2.D1DP12.3.DP10O.5.13,
0.4KV馈线柜,=TA001.EY01.TE02.,++BF01.US09.,===DY1.AH1.H01.ZB1.C1DP1.3.,LDC0301
浮球阀 - 螺纹: 15 mm,=TA001.BJ01.FQFM.FLS0107,++BF02.US02.,,FLS0107
照明灯具: SMX1-N7,=TA001.EY01.TE04.BF01.US09.EA14,++BF01.US09.,===DY1.AH1.H01.ZB1.C1DP1.3.DP3O.1.N7.BG02.,SSL0413
智能感温探测器,=TA001.TB01.FA01.BF01.US02.BT01,++BF01.US02.,,MDS0119
W通用管件,=TA001.ST01.TT01.UN.UN05,,,
光电感烟探测器: 点型,=TA001.TB01.FA01.FRSN.BQ02,++BF01.US10.,,ISD0112
管理房空调配电箱 KX,=TA001.EY01.TE03.,++BF01.US03.,===DY1.AH1.H01.ZB1.C1DP1.3.DP3O.4.,DB0301
动力桥架配件,=TA001.EY01.TY01.PF,,,
弱电桥架3配件,=TA001.EY01.TY01.RF.UN16,,,
J通用管件,=TA001.ST01.TS01.UN.UN08,,,
水龙头,=TA001.ST01.TS01.LT01,++BF01.US04.,,
变压器室1走道电话、网络系统,=TA001.TB01.TN01.BF01.US08,,,
变压器室2,,++BF01.US10,,BF01US10
雨水泵_GK1-1,=TA001.BJ01.PP01.GP01,++BF02.US01.,===DY1.AH1.H01.ZB1.C1DP1.3.DP4O.1.1.1.,CP0101
光电感烟探测器: 点型,=TA001.TB01.FA01.FRSN.BQ06,,,ISD0103
一位单控暗开关,=TA001.EY01.,++BF01.US06.,===DY1.AH1.H01.ZB1.C1DP1.3.DP3O.10.F2.SF01,
雨量计2: 雨量计2,=TA001.BJ01.RN00.RT02,,,RG0102
超声波液位计LT2,=TA001.BJ01.TS01.BL02,++BF02.US02.,,ULG0102
4#出水电动闸门 ZM8,,,===DY2.AH12.H02.ZB2.D1DP12.3.DP10O.2.6,
J三通管件,=TA001.ST01.TS01.UN.UN37,,,
变压器室1电话、网络系统,=TA001.TB01.TN01.BF01.US07,,,
10KV进线柜,=TA001.EY01.TE01.,++BF01.US06.,===DY1.,HSC0401
J通用管件,=TA001.ST01.TS01.UN.UN26,,,
照明灯具: SMX1-N5,=TA001.EY01.TE04.BF01.US06.EA06,++BF01.US06.,===DY1.AH1.H01.ZB1.C1DP1.3.DP3O.1.N5.BG01.,SSL0406
0.4KV无功补偿柜,=TA001.EY01.TE02.,++BF01.US09.,===DY2.AH12.H02.ZB2.D1DP12.3.,LDC0202
变压器室1,,++BF01.US07,,BF01US07
电话、网络系统,=TA001.TB01.TN01,,,
J三通管件,=TA001.ST01.TS01.UN.UN35,,,
管型母线桥架,=TA001.EY01.TY01.QJ5,,,
雨篷照明,,,===DY1.AH1.H01.ZB1.C1DP1.3.DP3O.2.N5,
吸顶式报警扬声器,=TA001.TB01.FA01.BF01.US08.PJ01,++BF01.US08.,,
管井5,,++BG01.GJ05,,GJ05
一位单控暗开关,=TA001.EY01.,++BF01.US09.,===DY1.AH1.H01.ZB1.C1DP1.3.DP3O.10.F5.SF01,
壁灯 - 托架: BMX1-N3,=TA001.EY01.TE04.BF02.EA16,++BF02.US01.,===DY1.AH1.H01.ZB1.C1DP1.3.DP3O.5.N3.,AGL0118
水泵软启柜 RQ1,=TA001.EY01.TE03.,++BF02.,===DY1.AH1.H01.ZB1.C1DP1.3.DP4O.1.,
安全照明灯: MX1-N5,=TA001.EY01.TE04.BG01.EA17,++BG01.,===DY1.AH1.H01.ZB1.C1DP1.3.DP3O.2.N5.BG07.,SSL0207
W通用管件,=TA001.ST01.TT01.UN.UN10,,,
输入模块: 标准,=TA001.TB01.FA01.BF01.US10.KF01,++BF01.US10.,,
照明灯具: SMX1-N5,=TA001.EY01.TE04.BF01.US06.EA02,++BF01.US06.,===DY1.AH1.H01.ZB1.C1DP1.3.DP3O.1.N5.BG01.,SSL0402
管井3,,++BG01.GJ03,,GJ03
照明灯具: SMX1-N1,=TA001.EY01.TE04.BF01.US05.EA01,++BF01.US05.,===DY1.AH1.H01.ZB1.C1DP1.3.DP3O.1.N1.BG01.,FPL0112
庭院灯: WMX-N3,=TA001.EY01.TE04.BG01.EA10,++BG01.,===DY1.AH1.H01.ZB1.C1DP1.3.DP3O.7.N3.,GL0105
10KV计量柜,=TA001.EY01.TE01.,++BF01.US06.,===DY1.,HSC0501
PLC 柜门,,,,
一位单控暗开关,=TA001.EY01.,++BF01.US07.,===DY1.AH1.H01.ZB1.C1DP1.3.DP3O.10.F3.SF01,
控制室照明系统,=TA001.EY01.TE04.BF01.US05,,,
变配电间及管理房电话、网络系统,=TA001.TB01.TN01.BF01,,,
监控器,=TA001.TB01.VS01.AF06,++BF01.US09.,,
光电感烟探测器: 点型,=TA001.TB01.FA01.FRSN.BQ14,,,ISD0114
视频通信柜 K2,,,===DY2.AH12.H02.ZB2.D1DP12.3.DP10O.5.5,
照明灯具: SMX1-N2,=TA001.EY01.TE04.BF01.US05.EA08,++BF01.US05.,===DY1.AH1.H01.ZB1.C1DP1.3.DP3O.1.N2.BG01.,FPL0110
1-2轴泵房照明2,,,===DY1.AH1.H01.ZB1.C1DP1.3.DP3O.6.N2,
声光报警器,=TA001.TB01.FA01.BF02.SG04,++BF02.,,
移动加日光感应探头,=TA001.EY01.TE04.,++BF01.US01.,===DY1.AH1.H01.ZB1.C1DP1.3.DP3O.2.N2.BG01,MDS0106
浮球液位开关4,=TA001.BJ01.TS01.BL12,++BF02.,,
管理房插座配电箱 CZX1,=TA001.EY01.TE03.,++BF01.US01.,===DY1.AH1.H01.ZB1.C1DP1.3.DP3O.3.,DB0201
视频监控系统,=TA001.TB01.VS01,,,
泵站,,++BF02,,
休息室1照明系统,=TA001.EY01.TE04.BF01.US02,,,
室内半球,=TA001.TB01.VS01.AF12,++BF01.US06.,,CCTV0102
一位单控暗开关,=TA001.EY01.,++BF01.US10.,===DY1.AH1.H01.ZB1.C1DP1.3.DP3O.10.F6.SF01,
管理房检修箱 JX2,,,===DY2.AH12.H02.ZB2.D1DP12.3.DP10O.7,
电缆夹层照明,,,===DY1.AH1.H01.ZB1.C1DP1.3.DP3O.5.N4,
W通用管件,=TA001.ST01.TT01.UN.UN02,,,
备用,,,===DY2.AH12.H02.ZB2.D1DP12.3.DP10O.5.9,
壁灯 - 托架: BMX2-N1,=TA001.EY01.TE04.BF02.EA03,++BF02.US02.,===DY1.AH1.H01.ZB1.C1DP1.3.DP3O.6.N1.,AGL0113
工艺系统 测量,=TA001.BJ01.TS01,,,
移动加日光感应探头,=TA001.EY01.TE04.,++BF01.US05.,===DY1.AH1.H01.ZB1.C1DP1.3.DP3O.1.N2.BG01,MDS0101
火灾声报警器: 标准,=TA001.TB01.FA01.ALRM.SF23,,,
泵站检修箱 JX3,,,===DY2.AH12.H02.ZB2.D1DP12.3.DP10O.6.1,MB0201
手动报警按钮: 标准,=TA001.TB01.FA01.ALRM.SF03,,,MFAB0103
J通用管件,=TA001.ST01.TS01.UN.UN16,,,
语音+数据点,=TA001.TB01.TN01.BF01.US05.TD03,++BF01.US05.,,
起重机配电箱 P3,,,===DY2.AH12.H02.ZB2.D1DP12.3.DP10O.3,
地板单相二眼三眼组合暗插座,=TA001.EY01.TE03.,++BF01.US05.,===DY1.AH1.H01.ZB1.C1DP1.3.DP3O.3.N1.XD01,PS0201
备用,,,===DY2.AH12.H02.ZB2.D1DP12.3.DP10O.5.11,
变压器ZB1温控装置,,,===DY2.AH12.H02.ZB2.D1DP12.3.DP10O.5.1,
语音+数据点,=TA001.TB01.TN01.BF01.US10.TD02,++BF01.US10.,,
语音+数据点,=TA001.TB01.TN01.BF01.US10.TD01,++BF01.US10.,,
卫生间烘手器防水插座,,,===DY1.AH1.H01.ZB1.C1DP1.3.DP3O.2.N8,
备用,,,===DY1.AH1.H01.ZB1.C1DP1.3.DP3O.3.N10,
一位单控暗开关,=TA001.EY01.,++BF01.US07.,===DY1.AH1.H01.ZB1.C1DP1.3.DP3O.10.F3.SF01,
卷帘门插座,,,===DY1.AH1.H01.ZB1.C1DP1.3.DP3O.5.N5,
单相二眼三眼组合暗插座,=TA001.EY01.TE03.,++BF01.US05.,===DY1.AH1.H01.ZB1.C1DP1.3.DP3O.3.N2.XD02,PS0107
J变径管件,=TA001.ST01.TS01.UN.UN41,,,
J通用管件,=TA001.ST01.TS01.UN.UN02,,,
AH6柜顶电源小母线,,,===DY2.AH12.H02.ZB2.D1DP12.3.DP10O.5.3,
W通用管件,=TA001.ST01.TT01.UN.UN07,,,
高天棚灯具 - 吊杆安装: BMX1-N2,=TA001.EY01.TE04.BF02.EA19,++BF02.US01.,===DY1.AH1.H01.ZB1.C1DP1.3.DP3O.5.N2.,HCL0104
变压器室2走道电话、网络系统,=TA001.TB01.TN01.BF01.US11,,,
庭院灯: WMX-N3,=TA001.TB01.FA01.BF01.US05.KF03,++BF01.US05.,,GL0107
智能单输入模块,=TA001.TB01.FA01.BF01.US06.KF01,++BF01.US06.,,
移动加日光感应探头,=TA001.EY01.TE04.,++BG01.,===DY1.AH1.H01.ZB1.C1DP1.3.DP3O.2.N5.BG06,MDS0110
照明灯具: SMX1-N2,=TA001.EY01.TE04.BF01.US05.EA07,++BF01.US05.,===DY1.AH1.H01.ZB1.C1DP1.3.DP3O.1.N2.BG01.,FPL0109
语音+数据点,=TA001.TB01.TN01.BF01.US07.TD03,++BF01.US07.,,
管理房双电源切换照明配电箱（备） SMX1,,,===DY2.AH12.H02.ZB2.D1DP12.3.DP10O.8,
变压器室2照明系统,=TA001.EY01.TE04.BF01.US10,,,
高压配电室照明系统,=TA001.EY01.TE04.BF01.US06,,,
安全照明灯: MX1-N5,=TA001.EY01.TE04.BG01.EA15,++BG01.,===DY1.AH1.H01.ZB1.C1DP1.3.DP3O.2.N5.BG05.,SSL0203
安全照明灯: MX1-N3,=TA001.EY01.TE04.BF01.US11.EA01,++BF01.US11.,===DY1.AH1.H01.ZB1.C1DP1.3.DP3O.2.N3.BG03.,SSL0103
J三通管件,=TA001.ST01.TS01.UN.UN36,,,
出水闸门配电箱 P2,,,===DY2.AH12.H02.ZB2.D1DP12.3.DP10O.2,
单相二眼三眼组合暗插座,=TA001.EY01.TE03.,++BF01.US03.,===DY1.AH1.H01.ZB1.C1DP1.3.DP3O.2.N6.XD03,PS0103
浮球液位开关1,=TA001.BJ01.TS01.BL09,++BF02.,,
格栅间检修箱 JX6,=TA001.EY01.TE03.,++BF02.,===DY2.AH12.H02.ZB2.D1DP12.3.DP10O.11.1.,MB0401
变压器室2走道火灾报警系统,=TA001.TB01.FA01.BF01.US11,,,
进水闸门螺杆启闭机,=TA001.BJ01.IN01.QB02,++BF02.,,
壁灯 - 托架: BMX2-N1,=TA001.EY01.TE04.BF02.EA05,++BF02.US02.,===DY1.AH1.H01.ZB1.C1DP1.3.DP3O.6.N1.,AGL0104
一位单控暗开关,=TA001.EY01.,++BF01.US05.,===DY1.AH1.H01.ZB1.C1DP1.3.DP3O.10.F1.SF01,
地板单相二眼三眼组合暗插座,=TA001.EY01.TE03.,++BF01.US05.,===DY1.AH1.H01.ZB1.C1DP1.3.DP3O.3.N1.XD03,PS0203
语音+数据点,=TA001.TB01.TN01.BF01.US09.TD02,++BF01.US09.,,
备用,,,===DY2.AH12.H02.ZB2.D1DP12.3.DP10O.1.5,
单相二眼三眼组合暗插座,=TA001.EY01.TE03.,++BF01.US07.,===DY1.AH1.H01.ZB1.C1DP1.3.DP3O.3.N4.XD01,PS0111
格栅除污机: GK6-1,=TA001.BJ01.IN01.CW1,++BF02.US02.,===DY2.AH12.H02.ZB2.D1DP12.3.DP10O.1.3.1.,DM0101
门厅照明,,,===DY1.AH1.H01.ZB1.C1DP1.3.DP3O.2.N2,
报警器,=TA001.TB01.FA01.ALRM,,,
移动加日光感应探头,=TA001.EY01.TE04.,++BF01.US03.,===DY1.AH1.H01.ZB1.C1DP1.3.DP3O.2.N1.BG02,MDS0120
0.4KV出线,,,===DY2.AH12.H02.ZB2.D1DP12.3.DP10O,
进水闸门螺杆启闭机,=TA001.BJ01.IN01.QB01,++BF02.,,
母联,,,===DY2.AH12.H02.ZB2.DP7.1,
低压配电间火灾报警系统,=TA001.TB01.FA01.BF01.US09,,,
管形母线桥架1配件,=TA001.EY01.TY01.UF.UN04,,,
照明灯具: SMX1-N6,=TA001.EY01.TE04.BF01.US09.EA03,++BF01.US09.,===DY1.AH1.H01.ZB1.C1DP1.3.DP3O.1.N6.BG02.,SSL0307
火灾光报警器: 标准,=TA001.TB01.FA01.ALRM.SF12,,,AVA0105
备用,,,===DY2.AH12.H02.ZB2.D1DP12.3.DP10O.1.4,
浮球阀 - 螺纹: 15 mm,=TA001.BJ01.FQFM.FLS0102,++BF02.US02.,,FLS0102
3#水泵电机,,,===DY1.AH1.H01.ZB1.C1DP1.3.DP6O.1.1.1,
10KV进线2,,,===DY2,
智能光电感烟探测器,=TA001.TB01.FA01.BF01.US09.BQ02,++BF01.US09.,,MDS0103
格栅除污机控制柜 GK6,,,===DY2.AH12.H02.ZB2.D1DP12.3.DP10O.1.3,
摄像机 - 壁装: 6 寸,=TA001.TB01.VS01.SEVI008,++BF02.US02.,,CCTV0106
低压配电室照明2,,,===DY1.AH1.H01.ZB1.C1DP1.3.DP3O.1.N7,
声光报警器,=TA001.TB01.FA01.BF02.SG03,++BF02.,,
超声波液位计LT1,=TA001.BJ01.TS01.BL01,++BF02.US02.,,ULG0101
语音+数据点5,=TA001.TB01.TN01.BF02.TD05,++BF02.,,
DP8-DP10 0.4KV进线,,,===DY2.AH12.H02.ZB2.D1DP12.3,
照明灯具: SMX1-N7,=TA001.EY01.TE04.BF01.US09.EA12,++BF01.US09.,===DY1.AH1.H01.ZB1.C1DP1.3.DP3O.1.N7.BG02.,SSL0411
XBDZ-5（风机）: K5-4,=TA001.TL01.BF02.GQ04,++BF02.,===DY1.AH1.H01.ZB1.C1DP1.3.DP3O.8.F4.,AF0204
智能单输入模块,=TA001.TB01.FA01.BF01.US09.KF02,++BF01.US09.,,
格栅机间,,++BF02.US02,,BF02US02
语音+数据点,=TA001.TB01.TN01.BF01.US07.TD02,++BF01.US07.,,
J通用管件,=TA001.ST01.TS01.UN.UN27,,,
管理房风机控制箱 K4,,,===DY1.AH1.H01.ZB1.C1DP1.3.DP3O.10,
照明灯具: MX1-N2,=TA001.EY01.TE04.BF01.US01.EA04,++BF01.US01.,===DY1.AH1.H01.ZB1.C1DP1.3.DP3O.2.N2.BG01.,FPL0115
光电感烟探测器: 点型,=TA001.TB01.FA01.FRSN.BQ10,++BF01.US03.,,ISD0108
接地端子箱低压配电室2,=TA001.EY01.TE03.,++BF01.US05.,,ETB0104
热水器防水型插座,=TA001.EY01.TE03.,++BF01.US04.,===DY1.AH1.H01.ZB1.C1DP1.3.DP3O.2.N7.XD01,PS0401
备用,,,===DY1.AH1.H01.ZB1.C1DP1.3.DP3O.5.N8,
浮球阀门,=TA001.BJ01.FQFM,,,
变压器室照明,,,===DY1.AH1.H01.ZB1.C1DP1.3.DP3O.2.N4,
复合感烟感温探测器: 点型,=TA001.TB01.FA01.FRSN.BQ18,,,ITD0102
照明灯具: SMX1-N5,=TA001.EY01.TE04.BF01.US06.EA01,++BF01.US06.,===DY1.AH1.H01.ZB1.C1DP1.3.DP3O.1.N5.BG01.,SSL0401
火灾光报警器: 标准,=TA001.TB01.FA01.ALRM.SF14,,,AVA0107
备用,,,===DY1.AH1.H01.ZB1.C1DP1.3.DP3O.6.N6,
雨量计,=TA001.BJ01.RN00,,,
安全照明灯: MX1-N3,=TA001.EY01.TE04.BF01.US08.EA02,++BF01.US08.,===DY1.AH1.H01.ZB1.C1DP1.3.DP3O.2.N3.BG02.,SSL0105
雨水泵_GK3-1,=TA001.BJ01.PP01.GP03,++BF02.US01.,===DY1.AH1.H01.ZB1.C1DP1.3.DP6O.1.1.1.,CP0103
工艺系统 出水,=TA001.BJ01.OU01,,,
二次设备间、高压配电室插座,,,===DY1.AH1.H01.ZB1.C1DP1.3.DP3O.3.N3,
总线式消防电话插孔,=TA001.TB01.TN01.BF02.XG01,++BF02.,,
备用,,,===DY2.AH12.H02.ZB2.D1DP12.3.DP10O.5.16,
管理房插座配电箱 CZX1,,,===DY1.AH1.H01.ZB1.C1DP1.3.DP3O.3,
水泵软启柜 RQ2,=TA001.EY01.TE03.,++BF02.,===DY1.AH1.H01.ZB1.C1DP1.3.DP5O.1.,
给水管1,=TA001.ST01.TS01.WM01,,,
语音+数据点,=TA001.TB01.TN01.BF01.US09.TD04,++BF01.US09.,,
弱电桥架3配件,=TA001.EY01.TY01.RF.UN09,,,
智能光电感烟探测器,=TA001.TB01.FA01.BF02.BQ01,++BF02.,,ISD0101
备用,,,===DY2.AH12.H02.ZB2.D1DP12.3.DP10O.1.7,
泵站3~5轴双电源切换照明配电箱（常） BMX1,,,===DY1.AH1.H01.ZB1.C1DP1.3.DP3O.5,SDB0101
出水闸门配电箱 P2,=TA001.EY01.TE03.,++BF02.,===DY2.AH12.H02.ZB2.D1DP12.3.DP10O.2.,DB0601
壁灯 - 托架: BMX2-N2,=TA001.EY01.TE04.BF02.EA08,++BF02.US02.,===DY1.AH1.H01.ZB1.C1DP1.3.DP3O.6.N2.,AGL0107
照明灯具: SMX1-N7,=TA001.EY01.TE04.BF01.US09.EA13,++BF01.US09.,===DY1.AH1.H01.ZB1.C1DP1.3.DP3O.1.N7.BG02.,SSL0412
语音+数据点6,=TA001.TB01.TN01.BF02.TD06,++BF02.,,
J三通管件,=TA001.ST01.TS01.UN.UN33,,,
壁灯: BMX1-N4,=TA001.EY01.TE04.BF02.EA26,++BF02.US01.,===DY1.AH1.H01.ZB1.C1DP1.3.DP3O.5.N4.,WL0104
2#水泵电机,,,===DY1.AH1.H01.ZB1.C1DP1.3.DP5O.1.1.1,
备用,,,===DY1.AH1.H01.ZB1.C1DP1.3.DP3O.11,
J通用管件,=TA001.ST01.TS01.UN.UN29,,,
高天棚灯具 - 吊杆安装: BMX1-N2,=TA001.EY01.TE04.BF02.EA22,++BF02.US01.,===DY1.AH1.H01.ZB1.C1DP1.3.DP3O.5.N2.,HCL0103
5#雨水泵按钮箱 GK5,=TA001.EY01.TE03.,++BF02.,===DY2.AH12.H02.ZB2.D1DP12.3.DP9O.1.1.,WPB0105
一位单控暗开关,=TA001.EY01.,++BF01.US06.,===DY1.AH1.H01.ZB1.C1DP1.3.DP3O.10.F2.SF01,
智能光电感烟探测器,=TA001.TB01.FA01.BF01.US07.BQ01,++BF01.US07.,,ITD0101
备用,,,===DY1.AH1.H01.ZB1.C1DP1.3.DP3O.1.N11,
备用,,,===DY1.AH1.H01.ZB1.C1DP1.3.DP3O.5.N6,
泵房,,++BF02.US01,,BF02US01
集水池电动闸门 ZM3,=TA001.BJ01.IN01.FQ03,++BF02.,===DY2.AH12.H02.ZB2.D1DP12.3.DP10O.2.1.,GT0103
1回路主进线,,,===DY1.AH1,
AH5柜进线,=TA001.EY01.TE01.,++BF01.US06.,===DY1.AH1.,HSC0101
AH3柜线路,,,===DY1.AH1.AH3,
AH4柜线路,,,===DY1.AH1.AH4,
备用,,,===DY1.AH1.AH6,
AH11柜进线,=TA001.EY01.TE01., ++BF01.US06.,===DY2.AH12.,HSC0502
2回路主进线,,,===DY2.AH12,
AH8柜进线,=TA001.EY01.TE01.,++BF01.US06.,===DY2.AH12.,HSC0104
AH11柜出线,=TA001.EY01.TE01.,++BF01.US06.,===DY2.AH12.,HSC0502
备用,,,===DY2.AH12.AH7,
AH9柜线路,,,===DY2.AH12.AH9,
AH10柜线路,,,===DY2.AH12.AH10,
AH2柜进线,=TA001.EY01.TE01.,++BF01.US06.,===DY1.AH1.,HSC0501
AH2柜出线,=TA001.EY01.TE01.,++BF01.US06.,===DY1.AH1.,HSC0501
AH5柜出线,=TA001.EY01.TE01.,++BF01.US06.,===DY1.AH1.H01.,HSC0101
干式电力变压器,,++BF01.US07.,===DY1.AH1.H01.ZB1.,TR0101
AH8柜出线,=TA001.EY01.TE01.,++BF01.US06.,===DY2.AH12.H02.,HSC0104
干式电力变压器,,++BF01.US10.,===DY2.AH12.H02.ZB2.,TR0102
